task,cutoff_a,cutoff_b,feature,hist_mean,test_mean,smd,ks,psi,hist_missing,test_missing,hist_q10,test_q10,hist_q50,test_q50,hist_q90,test_q90,median_delta_iqr,gain,split,gain_share,linear_standardized_coef,signed_ks
p07_early,2025-07-03,2025-07-10,trend_pres_30_60,0.9985425912854572,0.9930148594236622,-0.018739880279742896,0.011050000000000004,0.0009064710561937848,0.0,0.0,0.6249976754188538,0.6153817772865295,0.9999949932098389,0.9999924898147583,1.3661081552505456,1.3684167861938477,-7.295638736645507e-06,665.4006346702575,62.0,0.028921793910358925,-0.0030892685,-0.011050000000000004
p07_early,2025-07-03,2025-07-10,rec_cat,36.901073192469084,37.25249305672054,0.008522992138658148,0.009160044288103797,0.0009808106383995467,0.10236666666666672,0.10585,1.0,1.0,21.0,21.0,102.0,104.0,0.0,615.4054320335388,64.2,0.026748740757377844,0.010717504,0.009160044288103797
p07_early,2025-07-03,2025-07-10,rec_over_gap,0.8554222536437214,0.8634499213962195,0.006237796294554936,0.00824999999999998,0.0005873077094450944,0.0,0.0,0.0,0.0,0.4177214503288269,0.4049855023622513,2.3542842864990234,2.3999996185302734,-0.010889241534600344,437.3917151451111,45.4,0.019011332999094844,-0.016486647,0.00824999999999998
p07_early,2025-07-03,2025-07-10,trend_pres_30_90,1.0086106520868838,1.0091978858192763,0.0015781907522737996,0.006383333333333352,0.0005940197438470419,0.0,0.0,0.5454500913619995,0.5454500913619995,0.9999924898147583,0.9999924898147583,1.4999830722808838,1.4999865293502808,0.0,385.42823390960694,39.0,0.016752728157362444,-0.0016604892,0.006383333333333352
p07_early,2025-07-03,2025-07-10,weekend_share,0.2815263260637565,0.2812961990975309,-0.002862442756062292,0.005549999999999999,0.000305269693228829,0.0,0.0,0.190476194024086,0.18918919563293457,0.2804878056049347,0.2804878056049347,0.3733493983745573,0.375,0.0,375.10353832244874,37.8,0.01630396285357376,0.0020231719,-0.005549999999999999
p07_early,2025-07-03,2025-07-10,rec_over_buygap,2.0206593781031787,2.095905877377701,0.010557626069531445,0.005848973695603554,0.00048750775567319273,0.2425166666666667,0.24124999999999996,0.05369127541780472,0.05177522152662284,0.7100591063499451,0.7216494083404541,3.7793763637542757,3.8465694427490225,0.0076837504817087975,362.0114323616028,37.6,0.015734911411896358,-0.0072281132,0.005848973695603554
p07_early,2025-07-03,2025-07-10,trend_srch_30_90,1.0056325408807956,1.0074047821749001,0.00317744780513794,0.003383333333333405,0.00015223867744455075,0.0,0.0,0.3272722065448761,0.3333300054073334,0.9545448422431946,0.957444965839386,1.7441842555999756,1.7499868869781494,0.004021939724178968,314.5812810897827,33.2,0.013673348815250333,-0.018450141,0.003383333333333405
p07_early,2025-07-03,2025-07-10,dlog_buyd_30_60,-0.35654772138521074,-0.36625476761981846,-0.023995315731173066,0.011116666666666664,0.0006888101862182615,0.0,0.0,-0.9162907600402832,-0.9162907600402832,-0.28768208622932434,-0.28768208622932434,0.0,0.0,0.0,313.4557218551636,24.4,0.013624426120378412,-0.007740809,-0.011116666666666664
p07_early,2025-07-03,2025-07-10,rec_buy,30.11368474503447,30.19113492450073,0.0020659344939151945,0.005690565557708305,0.0004590010011703524,0.14661666666666662,0.14458333333333329,1.0,1.0,15.0,15.0,86.0,86.0,0.0,304.85512790679934,31.4,0.013250599296776813,0.05537434,0.005690565557708305
p07_early,2025-07-03,2025-07-10,buygap_cv,0.9468592233731952,0.9494465303084679,0.008084207609312683,0.006959219291673313,0.00028240443129682474,0.3245166666666667,0.3246833333333333,0.5792145252227783,0.578123128414154,0.9307961463928223,0.9345713257789612,1.3463347911834718,1.349472761154175,0.010108111161932462,297.8829853057861,31.6,0.012947553491117092,0.0021435744,0.006959219291673313
p07_early,2025-07-03,2025-07-10,trend_srch_14_30,0.9676193975364169,0.9606580515710637,-0.011127247387069867,0.006716666666666649,0.00036132256572038115,0.0,0.0,0.0,0.0,0.956632137298584,0.9523777961730957,1.8749929666519165,1.8749929666519165,-0.00483523117873257,296.93494720458983,30.8,0.012906346793748137,-0.018788733,-0.006716666666666649
p07_early,2025-07-03,2025-07-10,trend_pres_7_14,0.9145968727710346,0.9071486628569663,-0.012263480162658005,0.007683333333333375,0.0003332756538373236,0.0,0.0,0.0,0.0,0.9999930262565613,0.9999930262565613,1.9999719858169556,1.9999719858169556,0.0,292.60452823638917,31.8,0.012718124122445948,-0.022241028,-0.007683333333333375
p07_early,2025-07-03,2025-07-10,trend_srch_60_180,1.0766495540355177,1.0861428743300028,0.017881645624782647,0.009200000000000041,0.0006185496967503442,0.0,0.0,0.4709219306707383,0.47727166712284086,0.9999992847442627,1.0111970901489258,1.783775532245636,1.7999783754348755,0.017595366694548694,283.0539510726929,29.0,0.012303006056635436,-0.0122586535,0.009200000000000041
p07_early,2025-07-03,2025-07-10,trend_pres_7_30,1.004592665310204,0.995745370036612,-0.010693774707855768,0.005550000000000055,0.0003849425138644789,0.0,0.0,0.0,0.0,0.9523793458938599,0.9523793458938599,1.9780174493789673,1.9480466842651367,0.0,278.96137647628785,29.6,0.012125121346473335,0.002964968,-0.005550000000000055
p07_early,2025-07-03,2025-07-10,trend_pres_14_30,0.9955384778822461,0.9895107522308827,-0.012084604196734494,0.005150000000000002,0.00033072145130769013,0.0,0.0,0.35714107751846313,0.35714107751846313,1.00840163230896,0.9999989867210388,1.607130765914917,1.607130765914917,-0.016469212445632427,276.9386408805847,30.0,0.012037202671639094,0.011989104,-0.005150000000000002
p07_early,2025-07-03,2025-07-10,w14_srch2cart,14450.330499240557,16350.338481846295,0.005574326051136566,0.007300000000000084,0.00033417686087330823,0.0,0.0,0.0,0.0,0.1666666567325592,0.17521929740905762,0.923076868057251,0.9999989867210388,0.018421072733064967,253.42799692153932,27.0,0.011015307043871473,-0.016347697,0.007300000000000084
p07_early,2025-07-03,2025-07-10,trend_srch_7_14,0.865079908160679,0.8567898605573612,-0.011690882973352367,0.008133333333333381,0.00026586454670199855,0.0,0.0,0.0,0.0,0.8571411371231079,0.8333331048488617,1.9999719858169556,1.9999719858169556,-0.016665633320143213,252.90013694763184,26.2,0.010992363486887272,-0.030971166,-0.008133333333333381
p07_early,2025-07-03,2025-07-10,trend_pres_60_180,1.0912169208756337,1.09767552977254,0.016387564896459508,0.009433333333333349,0.0006840603733107523,0.0,0.0,0.6666533350944519,0.6666600108146667,1.0344762802124023,1.0384597778320312,1.5818129777908325,1.5999903678894043,0.009968304633489697,247.66350975036622,27.0,0.01076475226337266,0.0132075,0.009433333333333349
p07_early,2025-07-03,2025-07-10,w180_ponly_share,0.14385710232824397,0.14601804440152677,0.015857332222226166,0.01155000000000006,0.0007449336638223748,0.0,0.0,0.012195121496915817,0.012820512987673283,0.10606060177087784,0.10924369841814041,0.32258063554763794,0.32692307233810425,0.020812556748802596,245.2755989074707,25.6,0.010660961161176373,0.008527619,0.01155000000000006
p07_early,2025-07-03,2025-07-10,rec_cart,16.918612783814673,16.72911379468924,-0.007333700546307084,0.005111167045201925,0.0005843835455826888,0.022983333333333356,0.0214833333333333,0.0,0.0,7.0,7.0,47.0,46.0,0.0,244.62718534469604,27.0,0.010632777714311247,-0.0014171443,-0.005111167045201925
p07_early,2025-07-03,2025-07-10,trend_srch_30_60,0.990012155583594,0.9857551264317085,-0.009542882624988085,0.006783333333333308,0.00021666000176284402,0.0,0.0,0.3999975919723511,0.39999520778656006,0.9999899864196777,0.999970018863678,1.5789424180984497,1.5776392221450806,-3.3273323817824874e-05,244.2020791053772,26.2,0.010614300372386738,0.043309767,-0.006783333333333308
p07_early,2025-07-03,2025-07-10,w7_lgmv_mean,3.350643959091561,3.3388806426469864,-0.012061093243923144,0.013768440305842705,0.00032854622489087457,0.7292666666666667,0.7309833333333333,2.232183337211609,2.1979587078094482,3.243886709213257,3.227872610092163,4.627354192733765,4.636452674865723,-0.012503442644449823,232.66438751220704,24.0,0.010112811914047184,-0.03622619,-0.013768440305842705
p07_early,2025-07-03,2025-07-10,w60_lgmv_std,0.8485054346995741,0.8471618260554671,-0.0030436568074888918,0.005267064968012214,0.0002615801159829671,0.4589833333333333,0.45745,0.30809885263442993,0.30679005384445196,0.8183655142784119,0.8185964226722717,1.3886175155639648,1.3872304439544676,0.0004244862609553943,232.6606731414795,24.6,0.010112650468056466,-0.0018289622,-0.005267064968012214
p07_early,2025-07-03,2025-07-10,w7_gmv_max,70.79396243588951,75.77641689392729,0.021826825809164254,0.014093973569321488,0.00032922930472317687,0.7292666666666667,0.7309833333333333,8.738202857971192,8.456525802612305,30.58816146850586,30.363447189331055,154.6416427612305,154.1014404296875,-0.00407927511923414,225.22581405639647,23.8,0.00978949258240478,0.05624282,0.014093973569321488
p07_early,2025-07-03,2025-07-10,dlog_gmv_30_60,-0.851899162359622,-0.8846386711096704,-0.024107381207810544,0.012933333333333352,0.0007844303359217436,0.0,0.0,-2.9861619234085084,-3.073825478553772,-0.1731005162000656,-0.19781571626663208,0.0,0.0,-0.02231614554547207,222.29645757675172,16.8,0.009662167419217575,0.047225684,-0.012933333333333352
p07_early,2025-07-03,2025-07-10,w7_srch_per_day,2.452209375368555,2.411453307883938,-0.012783902668389066,0.007050000000000001,0.0002833913273390875,0.0,0.0,0.0,0.0,1.9999979734420776,1.7999995946884155,5.571427822113037,5.499997138977051,-0.05999953222260282,221.72042541503907,23.6,0.009637130046845594,0.01131759,-0.007050000000000001
p07_early,2025-07-03,2025-07-10,rec_search,5.767866388308977,5.808416519213434,0.003982576177258894,0.006631993184590457,0.0008618351673942916,0.002083333333333326,0.0015666666666667162,0.0,0.0,2.0,2.0,16.0,16.0,0.0,204.39152631759643,21.8,0.008883925402491739,-0.0028456643,0.006631993184590457
p07_early,2025-07-03,2025-07-10,w14_days_presence_only,0.73205,0.7495833333333334,0.014495158240525987,0.005733333333333257,0.00010590160725436027,0.0,0.0,0.0,0.0,0.0,0.0,2.0,2.0,0.0,203.0897087097168,19.8,0.008827341596282071,0.08316545,0.005733333333333257
p07_early,2025-07-03,2025-07-10,w14_lgmv_std,0.792264633328067,0.7903777916091002,-0.0036079062225670543,0.008848885996912303,0.00044635649264155187,0.8040333333333334,0.8023666666666667,0.1826652228832245,0.17732049226760865,0.7180852293968201,0.7149854302406311,1.4767259836196902,1.4788205504417424,-0.004567154007742189,202.84721450805665,21.2,0.008816801529201512,0.010836972,-0.008848885996912303
p07_early,2025-07-03,2025-07-10,w14_lgmv_mean,3.3348611630859697,3.3269886783269147,-0.008602249831623087,0.010338137365998368,0.0002875188103527821,0.5916333333333333,0.5927333333333333,2.2740186214447022,2.2685461044311523,3.247323989868164,3.2332751750946045,4.51589002609253,4.516966342926025,-0.011987938414852756,202.63413190841675,21.4,0.00880753984426831,0.024061115,-0.010338137365998368
p07_early,2025-07-03,2025-07-10,w180_lgmv_std,0.8910483196961682,0.8908215420240286,-0.0006050200724549639,0.003663588308679744,0.00010948573060094579,0.2425166666666667,0.24124999999999996,0.44249149560928347,0.4424339652061463,0.8756376504898071,0.8750953674316406,1.330427074432373,1.3290144681930542,-0.0012704186139646347,198.9139814376831,21.2,0.008645842635663448,0.023805322,-0.003663588308679744
p07_early,2025-07-03,2025-07-10,buygap_std,17.049141258324138,17.085011733787024,0.002529141601142047,0.0035410834827450666,0.00015200150204947946,0.3245166666666667,0.3246833333333333,4.9496814727783205,4.939433956146241,12.96170711517334,12.917472839355469,34.07834243774414,34.203410339355536,-0.0032532954933654564,197.76371507644654,21.6,0.008595846039765717,0.0021909853,0.0035410834827450666
p07_early,2025-07-03,2025-07-10,w90_lgmv_std,0.8644019605223995,0.86351120069113,-0.002121470615452502,0.004610502178750586,0.00020797641767057414,0.36421666666666663,0.3647166666666667,0.35389456152915955,0.3546906054019929,0.8422436118125916,0.8386276960372925,1.3660753726959232,1.3658747196197512,-0.007241698383292179,194.69512128829956,20.8,0.00846246889446231,-0.028832663,-0.004610502178750586
p07_early,2025-07-03,2025-07-10,w180_days_presence_only,8.03195,8.200333333333333,0.0186652158551489,0.008050000000000002,0.0005727473983633885,0.0,0.0,1.0,1.0,5.0,5.0,19.0,19.0,0.0,194.43648357391356,20.2,0.008451227145832742,0.07737963,0.008050000000000002
p07_early,2025-07-03,2025-07-10,trend_srch_7_30,0.9776823147828381,0.9693403097465013,-0.008120813831688682,0.006649999999999934,0.00026815006504146797,0.0,0.0,0.0,0.0,0.7307080328464508,0.7142848372459412,2.3376591205596924,2.337660789489746,-0.011496244320835987,192.55973653793336,20.0,0.008369653897824954,0.016387876,-0.006649999999999934
p07_early,2025-07-03,2025-07-10,gap_cv,0.980466097250705,0.9829964610193546,0.008195615643785275,0.005849999999999911,0.0002926136509087164,0.0,0.0,0.644982635974884,0.6435484707355499,0.9480555355548859,0.9494599103927612,1.3458996891975403,1.3515268683433532,0.004128143720338521,187.62953023910524,21.0,0.008155361330188734,0.005744542,0.005849999999999911
p07_early,2025-07-03,2025-07-10,w180_lgmv_mean,3.322480610296368,3.317307313883952,-0.007654260857904396,0.007549407338348246,0.0003972014969936835,0.14661666666666662,0.14458333333333329,2.5537134170532227,2.5392248153686525,3.27695631980896,3.270606279373169,4.139480018615723,4.14032211303711,-0.008045549761864232,184.53717203140258,19.4,0.008020951258842012,0.0140601685,-0.007549407338348246
p07_early,2025-07-03,2025-07-10,dlog_buyd_60_180,-0.7048884794781606,-0.6972662169784307,0.014439207891562784,0.008066666666666666,0.0003378793145594982,0.0,0.0,-1.3862943649291992,-1.3862943649291992,-0.6931471824645996,-0.6931471824645996,0.0,0.0,0.0,181.4070701599121,19.6,0.007884900650338252,0.035866205,0.008066666666666666
p07_early,2025-07-03,2025-07-10,w7_searches,7.852783333333333,7.632183333333334,-0.01565994920912126,0.006716666666666704,0.00040837493996762823,0.0,0.0,0.0,0.0,3.0,3.0,21.0,20.0,0.0,175.91556949615477,17.8,0.007646211292107486,-0.022463676,-0.006716666666666704
p07_early,2025-07-03,2025-07-10,buygap_mean,22.262382493176165,22.09304831099471,-0.007875302112292377,0.0036300610991948368,0.0003304982805340133,0.2425166666666667,0.24124999999999996,5.709677219390869,5.684090805053714,15.5,15.454545021057129,46.0,46.0,-0.0025370220355185216,174.74360790252686,18.8,0.007595271707869549,-0.0054413686,-0.0036300610991948368
p07_early,2025-07-03,2025-07-10,w30_lgmv_std,0.8235582507186006,0.818691734131979,-0.010071683671407726,0.00861462963783588,0.00019803462052715975,0.6302166666666666,0.6313666666666666,0.23991734981536866,0.2378771051764489,0.7769885063171387,0.7729272842407227,1.4365747451782231,1.4336220502853392,-0.006645279068365737,174.35269536972046,18.6,0.007578280603380438,-0.006910763,-0.00861462963783588
p07_early,2025-07-03,2025-07-10,trend_gmv_60_180,0.9554466948636674,0.975531504584048,0.020772605310409187,0.010000000000000009,0.0005643298348975972,0.0,0.0,0.0,0.0,0.7220939993858337,0.7431286573410034,2.556314802169799,2.6224472045898435,0.013352252331587447,172.79367389678956,17.4,0.00751051737113724,0.010240052,0.010000000000000009
p07_early,2025-07-03,2025-07-10,w90_srch_per_day,3.1865194688220817,3.1692263922333717,-0.008641560594198293,0.00498333333333334,0.00042936330376174133,0.0,0.0,1.5999999046325684,1.5999999046325684,2.730769157409668,2.7199997901916504,5.142856597900391,5.0833330154418945,-0.0064207615901711885,169.90001173019408,17.8,0.0073847436695988426,-0.008081663,-0.00498333333333334
p07_early,2025-07-03,2025-07-10,w30_srch_per_day,3.0763441423078377,3.0647925327459973,-0.004815524222080528,0.003283333333333416,0.00013893088019732927,0.0,0.0,0.9999996423721313,0.9999996423721313,2.5555553436279297,2.5555553436279297,5.388888359069824,5.374999570846557,0.0,169.67945356369017,19.4,0.0073751570574068755,-0.0077605136,-0.003283333333333416
p07_early,2025-07-03,2025-07-10,w14_carts,5.109883333333333,5.148616666666666,0.0037395511733904724,0.0034333333333333993,0.00012118098698859093,0.0,0.0,0.0,0.0,2.0,2.0,14.0,14.0,0.0,166.7544075012207,17.0,0.0072480192475083745,0.08347434,0.0034333333333333993
p07_early,2025-07-03,2025-07-10,w180_days_cat,10.303866666666666,10.1727,-0.008751038991964435,0.0074666666666667325,0.00030613604628576427,0.0,0.0,0.0,0.0,5.0,5.0,26.0,25.0,0.0,165.82439775466918,18.2,0.007207596156782414,-0.10050562,-0.0074666666666667325
p07_early,2025-07-03,2025-07-10,w30_lgmv_mean,3.330960084485325,3.3206574410543106,-0.012169539918393807,0.01030733599873812,0.0003905653948500676,0.42264999999999997,0.42579999999999996,2.3373544216156006,2.3351055145263673,3.2585346698760986,3.2464290857315063,4.4084062576293945,4.399954032897949,-0.011526955861597072,165.18432064056395,17.8,0.007179775055604681,-0.011935363,-0.01030733599873812
p07_early,2025-07-03,2025-07-10,w60_srch2cart,17350.3601972407,21800.37168309718,0.004973595560984784,0.012550000000000006,0.0009265700018864518,0.0,0.0,0.020408162847161293,0.02469135820865631,0.2567567527294159,0.26108652353286743,0.7547169923782349,0.7777776718139648,0.012189545788332715,160.57176628112794,17.0,0.006979289303663604,0.010772926,0.012550000000000006
p07_early,2025-07-03,2025-07-10,w14_srch_per_day,2.8092760732620956,2.7869038365791243,-0.007944666505069468,0.004349999999999993,0.00035486268606325195,0.0,0.0,0.0,0.0,2.222222089767456,2.1999995708465576,5.538461208343506,5.499998569488525,-0.008429231349473293,159.2647744178772,17.4,0.006922480597236406,-0.02663743,-0.004349999999999993
p07_early,2025-07-03,2025-07-10,w180_cart2ord,0.3064787229184061,0.3060161301086385,-0.0017373991580110968,0.0039999999999998925,0.00012987681997399795,0.0,0.0,0.0,0.0,0.2436339557170868,0.24390242993831635,0.7142856121063232,0.7142856121063232,0.0006741328901624547,154.81337394714356,16.2,0.006728999436685918,0.017079234,-0.0039999999999998925
p07_early,2025-07-03,2025-07-10,w180_srch_per_day,3.233512730596463,3.219150693509976,-0.007610672667866857,0.005349999999999966,0.0003045250707470962,0.0,0.0,1.7499998807907104,1.75,2.789473533630371,2.777777671813965,5.086039972305297,5.039999961853027,-0.00741726788832246,152.6134687423706,17.0,0.0066333800434367676,0.0018458263,-0.005349999999999966
p07_early,2025-07-03,2025-07-10,w90_buyday_rate,0.134073891572468,0.13556872234366213,0.011538078622421387,0.0067666666666665876,0.0003322035237750397,0.0,0.0,0.0,0.0,0.10638297349214554,0.10810810327529907,0.307692289352417,0.31249997317790984,0.010112830366085481,151.45074558258057,16.2,0.006582842009882121,0.021762421,0.0067666666666665876
p07_early,2025-07-03,2025-07-10,w7_srch2cart,14100.282396085855,15083.620564631014,0.003502363883426555,0.00543333333333329,0.00018975288883036687,0.0,0.0,0.0,0.0,0.0,0.0,0.9999989867210388,0.9999989867210388,0.0,144.27390203475952,15.4,0.006270898829786072,-0.0074581914,0.00543333333333329
p07_early,2025-07-03,2025-07-10,trend_gmv_30_60,0.7396788558199784,0.7266073656958897,-0.01661078949100458,0.00983333333333336,0.0003893099599014987,0.0,0.0,0.0,0.0,0.4660349637269974,0.43960899114608765,1.9999949932098389,1.9999946355819702,-0.0177809417002861,140.6266881942749,15.4,0.006112371828840577,0.009980937,-0.00983333333333336
p07_early,2025-07-03,2025-07-10,w7_aov,9.911784302171382,10.597840439219276,0.011575422509527353,0.005416666666666736,0.0001204025123415673,0.0,0.0,0.0,0.0,0.0,0.0,25.614906120300294,24.975675773620598,0.0,140.23524589538573,15.0,0.006095357697945015,0.07818053,0.005416666666666736
p07_early,2025-07-03,2025-07-10,w14_ponly_share,0.1436518657616029,0.1445410407459984,0.0037660510977034615,0.002850000000000019,5.6134902454233286e-05,0.0,0.0,0.0,0.0,0.0,0.0,0.4999997615814209,0.4999997615814209,0.0,138.65122365951538,14.4,0.006026507801704728,-0.05099964,0.002850000000000019
p07_early,2025-07-03,2025-07-10,w30_srch2cart,14617.027841414709,18117.03999138829,0.0069687942950981815,0.008633333333333326,0.0005797228186140563,0.0,0.0,0.0,0.0,0.24137930572032928,0.24999994039535522,0.8461537957191467,0.8695651888847351,0.020037161784510312,138.4636854171753,15.0,0.00601835640822438,0.016180426,0.008633333333333326
p07_early,2025-07-03,2025-07-10,w90_srch2cart,17783.694458948252,26967.037432769004,0.007361877312681412,0.009733333333333372,0.0005090785916938894,0.0,0.0,0.0476190447807312,0.04999999701976776,0.2619047462940216,0.2666666507720947,0.7333333492279053,0.7499998807907104,0.01426237192680911,134.6758683204651,13.6,0.005853718053926034,-0.036569327,0.009733333333333372
p07_early,2025-07-03,2025-07-10,dlog_gmv_7_14,-0.6012011038392773,-0.6063970355396358,-0.0039857261994581126,0.003966666666666674,8.46270773392252e-05,0.0,0.0,-2.848904204368591,-2.843284511566162,0.0,0.0,0.0,0.0,0.0,132.80012140274047,13.6,0.005772188276291682,-0.008830806,-0.003966666666666674
p07_early,2025-07-03,2025-07-10,w180_srch2cart,15867.02720065961,34450.37000976114,0.009280689135677127,0.010616666666666663,0.0006617275922975349,0.0,0.0,0.060606058686971664,0.0624999962747097,0.2593706399202347,0.26356589794158936,0.6963635206222533,0.7058823704719543,0.01351442652394913,132.29628400802613,14.4,0.005750288866319701,0.0044813496,0.010616666666666663
p07_early,2025-07-03,2025-07-10,w30_gmv_max,104.33417304197164,104.1338177421585,-0.0008142693650034233,0.0060694880285279695,0.0002034646822299858,0.42264999999999997,0.42579999999999996,10.935291290283203,10.894443321228028,45.56084060668945,45.1586971282959,224.02670288085938,222.4955490112306,-0.004768130572315429,131.780672454834,13.2,0.005727877689801041,0.02658193,-0.0060694880285279695
p07_early,2025-07-03,2025-07-10,w60_days_present,21.143733333333333,21.185583333333334,0.0031067088299597872,0.003300000000000025,0.00011796448640139255,0.0,0.0,6.0,6.0,18.0,18.0,41.0,41.0,0.0,131.62271957397462,13.6,0.005721012230963561,0.169302,0.003300000000000025
p07_early,2025-07-03,2025-07-10,w30_ponly_share,0.15566174721562615,0.15688241428788752,0.005926276142108209,0.005349999999999966,0.00011830311886810218,0.0,0.0,0.0,0.0,0.0833333283662796,0.0833333283662796,0.42857137620449065,0.440444409847253,0.0,129.22885971069337,14.0,0.005616962553207527,0.014980968,0.005349999999999966
p07_early,2025-07-03,2025-07-10,w14_searches,15.654833333333332,15.35715,-0.011662976643482419,0.005716666666666703,0.0004470471008580505,0.0,0.0,0.0,0.0,8.0,7.0,39.0,38.0,-0.058823529411764705,128.85056753158568,13.0,0.005600519995337899,-0.0058619566,-0.005716666666666703
p07_early,2025-07-03,2025-07-10,w90_ponly_share,0.15379258692370107,0.1550124108734851,0.00786756626039387,0.006366666666666632,0.00021971251536013635,0.0,0.0,0.0,0.0,0.1111111044883728,0.1111111119389534,0.3636363446712494,0.3636363446712494,4.0887338659072746e-08,128.0432580947876,13.4,0.005565430102217294,0.0155589245,0.006366666666666632
p07_early,2025-07-03,2025-07-10,w90_gmv_max,157.25357800803994,158.63408931853908,0.0030383814667072407,0.006024639548026012,0.000576098569702691,0.22663333333333335,0.22321666666666662,14.778168106079102,14.355823707580567,70.5944709777832,69.9039535522461,350.8614501953126,345.7851684570314,-0.005336508027162093,127.9332468032837,13.6,0.00556064843575215,0.009525956,0.006024639548026012
p07_early,2025-07-03,2025-07-10,w60_srch_per_day,3.152336665044228,3.1404090203821657,-0.005629432296195058,0.0035333333333332773,0.0004306552697918696,0.0,0.0,1.4999992847442627,1.4999996423721313,2.6804254055023193,2.6666665077209473,5.199999809265137,5.166666030883789,-0.007999357933321542,127.6073842048645,14.0,0.00554648474184578,0.018552545,-0.0035333333333332773
p07_early,2025-07-03,2025-07-10,w60_lgmv_mean,3.31148269260047,3.307483783054802,-0.005147756712781953,0.004051641921360455,0.00037000145170051804,0.2913833333333333,0.28835,2.4131642818450927,2.4024796009063722,3.2495408058166504,3.248000144958496,4.271547412872315,4.282057094573976,-0.0016315944556087386,123.88843393325806,13.4,0.005384839700176146,0.014191569,-0.004051641921360455
p07_early,2025-07-03,2025-07-10,w90_lgmv_mean,3.308510620133422,3.304272066567672,-0.00572891272290255,0.0054430279423735295,0.00027328944729813974,0.22663333333333335,0.22321666666666662,2.4521076679229736,2.4404446125030517,3.2596515417099,3.254882574081421,4.2109369277954105,4.214133930206299,-0.005394976178762849,120.94226245880127,12.6,0.005256783669314313,-0.044994727,-0.0054430279423735295
p07_early,2025-07-03,2025-07-10,dlog_gmv_60_180,-1.3674224140338502,-1.3533137019072556,0.009453817331692259,0.007833333333333359,0.00026859707247443794,0.0,0.0,-3.672731041908264,-3.6720780849456784,-0.9263688921928406,-0.9076975584030151,0.0,0.0,0.01059395707029823,120.49885301589966,12.4,0.005237510774373564,0.06774928,0.007833333333333359
p07_early,2025-07-03,2025-07-10,w60_cart2ord,0.29514332640735275,0.2974967792285063,0.007663398851161438,0.0049000000000000155,6.731458718558337e-05,0.0,0.0,0.0,0.0,0.19999998807907104,0.20408162474632263,0.7857142090797424,0.7979894876480101,0.008163277227057088,119.69053354263306,13.0,0.005202376979782083,-0.0069617904,0.0049000000000000155
p07_early,2025-07-03,2025-07-10,w14_gmv_max,81.49625591299841,84.61766013212518,0.01407905322725587,0.007563204457578049,0.0004094411950614321,0.5916333333333333,0.5927333333333333,9.394896316528321,9.448974609375,35.554439544677734,35.39691734313965,176.88034515380872,179.0634307861328,-0.0024182812894478346,119.22495756149291,12.8,0.005182140611082462,-0.060065795,0.007563204457578049
p07_early,2025-07-03,2025-07-10,w30_gmv_per_day,7.965327273392594,8.146759289720412,0.004185948373694792,0.0044500000000000095,0.00023477149540066498,0.0,0.0,0.0,0.0,1.4514822363853455,1.408001184463501,20.69011363983154,20.46426658630371,-0.00558832394054336,118.57812633514405,12.4,0.0051540259408394485,-0.030992476,0.0044500000000000095
p07_early,2025-07-03,2025-07-10,w60_ponly_share,0.15403006716575474,0.15510976256566744,0.006445288938616783,0.0054833333333333956,0.0002153209020842622,0.0,0.0,0.0,0.0,0.1071428507566452,0.1111110970377922,0.3809523582458496,0.38235291838645935,0.019145048557093956,116.56721620559692,13.4,0.005066621262652094,-0.040527675,0.0054833333333333956
p07_early,2025-07-03,2025-07-10,rec_any,3.8537166666666667,3.89075,0.006366402626919725,0.007599999999999996,0.0006587156451238229,0.0,0.0,0.0,0.0,1.0,1.0,12.0,12.0,0.0,115.93723783493041,12.6,0.005039239105715274,-0.022445964,0.007599999999999996
p07_early,2025-07-03,2025-07-10,w60_aov,27.616813521036754,27.472687467659824,-0.001641435824216889,0.0033833333333333493,0.00020154700174903337,0.0,0.0,0.0,0.0,15.537178993225098,15.616632461547852,57.08479003906249,56.44747276306152,0.0025865262945344767,115.50839204788208,12.2,0.005020599223475781,-0.01332204,-0.0033833333333333493
p07_early,2025-07-03,2025-07-10,w60_gmv_max,133.48355063262971,134.03962163660145,0.0015742189766510704,0.004219697661029517,0.000415169585460249,0.2913833333333333,0.28835,12.920931434631349,12.735929870605469,58.697017669677734,58.57940673828125,291.9825744628906,288.98945312500007,-0.0010903705946173053,115.34308748245239,12.4,0.005013414221952349,-0.07368197,0.004219697661029517
p07_early,2025-07-03,2025-07-10,w14_aov,15.217893454126827,15.556923582495562,0.005228328624500986,0.006516666666666726,0.0002683829125990458,0.0,0.0,0.0,0.0,0.0,0.0,37.393339920043935,36.93807373046874,0.0,111.99181184768676,12.2,0.004867750244199261,0.00036533322,0.006516666666666726
p07_early,2025-07-03,2025-07-10,dlog_buyd_7_30,-0.4711470017229517,-0.46966443804154795,0.0027640033983545058,0.003150000000000014,7.670656114918417e-05,0.0,0.0,-1.2527629137039185,-1.2527629137039185,-0.40546509623527527,-0.40546509623527527,0.0,0.0,0.0,111.86426992416382,11.4,0.004862206604721236,-0.0041142902,0.003150000000000014
p07_early,2025-07-03,2025-07-10,w90_cart2ord,0.3033466434347133,0.30461486227264395,0.004355893687515302,0.006149999999999989,0.0002559628105928169,0.0,0.0,0.0,0.0,0.22580644488334656,0.23076921701431274,0.7499998807907104,0.7499998807907104,0.010870839799515218,110.65501184463501,12.6,0.0048096459200175,-0.020743623,0.006149999999999989
p07_early,2025-07-03,2025-07-10,w30_carts,10.821366666666666,10.845333333333333,0.0012150917819503373,0.004116666666666657,0.0001373424302159816,0.0,0.0,0.0,0.0,4.0,4.0,28.0,28.0,0.0,109.94943227767945,11.0,0.004778977739436396,0.018198276,0.004116666666666657
p07_early,2025-07-03,2025-07-10,w180_carts,60.18423333333333,59.8817,-0.0030723941418954524,0.003950000000000009,0.00012539671273920249,0.0,0.0,4.0,4.0,29.0,29.0,146.0,146.0,0.0,109.10889406204224,11.0,0.004742443549686956,-0.008072683,-0.003950000000000009
p07_early,2025-07-03,2025-07-10,w7_lgmv_std,0.7689169684211242,0.7789346410021842,0.017866419488939814,0.017435863719489072,0.00023601656021410788,0.9096166666666666,0.91025,0.1403101086616516,0.14489577710628507,0.6711985468864441,0.6758759021759033,1.5111732482910156,1.5266487360000616,0.006461392791079733,109.05172214508056,11.8,0.0047399585589705815,0.015654845,0.017435863719489072
p07_early,2025-07-03,2025-07-10,w180_gmv_max,208.87139497506874,211.71386874576785,0.005358089743028507,0.007020248590942857,0.00026192627156911886,0.14661666666666662,0.14458333333333329,19.610445022583008,19.24483871459961,98.11988067626953,96.50096893310547,468.8469665527344,466.73657836914055,-0.009278807168177418,108.87887039184571,11.0,0.004732445517167458,0.011063654,0.007020248590942857
p07_early,2025-07-03,2025-07-10,w14_buyday_rate,0.12953912026708325,0.13070751092992722,0.005673307625768819,0.005183333333333318,0.0002649595788736545,0.0,0.0,0.0,0.0,0.0,0.0,0.3999999463558197,0.4166666269302368,0.0,107.88689804077148,11.4,0.004689329207371991,-0.00045560882,0.005183333333333318
p07_early,2025-07-03,2025-07-10,trend_gmv_7_14,0.411233505369166,0.4048024779652847,-0.008629928447178581,0.005533333333333279,0.0002204979793346067,0.0,0.0,0.0,0.0,0.0,0.0,1.9999982118606567,1.9999980926513672,0.0,107.1670262336731,11.2,0.0046580398112368426,0.039160352,-0.005533333333333279
p07_early,2025-07-03,2025-07-10,w60_buyday_rate,0.13531235311829173,0.13712871377027283,0.012896851342090497,0.007900000000000018,0.0004928471764665727,0.0,0.0,0.0,0.0,0.10344827175140381,0.10526315867900848,0.333333283662796,0.333333283662796,0.008711457460199773,105.38678216934204,11.0,0.0045806610874184655,-0.03750978,0.007900000000000018
p07_early,2025-07-03,2025-07-10,w60_gmv_per_day,7.964205874388648,8.075738539631814,0.004239007353041907,0.00663333333333338,0.00020801499030415066,0.0,0.0,0.0,0.0,2.611398220062256,2.6611098051071167,20.07352657318115,20.118381690979003,0.0057357450482638525,104.24853868484497,9.6,0.004531187068664716,-0.031977173,0.00663333333333338
p07_early,2025-07-03,2025-07-10,w14_gmv_per_day,7.311112005616212,7.924412284746405,0.007679157725949884,0.003150000000000097,7.258325234224437e-05,0.0,0.0,0.0,0.0,0.0,0.0,18.776028633117676,19.070677566528317,0.0,104.14874029159546,10.6,0.004526849308206195,0.058890823,0.003150000000000097
p07_early,2025-07-03,2025-07-10,gap_mean,4.4738547468702,4.483201121369998,0.0024246274063732024,0.004766666666666697,0.0003137126685884444,0.0,0.0,1.5128204822540283,1.51694917678833,3.218181848526001,3.244671106338501,8.866666793823242,8.949999809265137,0.0077516821626121574,102.19890613555908,10.4,0.004442099311464445,-0.023602294,0.004766666666666697
p07_early,2025-07-03,2025-07-10,w90_aov,30.332731080994073,31.004442751952695,0.004962269939901564,0.003416666666666679,0.0001865438393883688,0.0,0.0,0.0,0.0,18.543081283569336,18.424710273742676,60.46851272583007,60.491981506347656,-0.004341823496956996,101.83920783996582,10.6,0.00442646494108214,0.06849563,0.003416666666666679
p07_early,2025-07-03,2025-07-10,dlog_gmv_7_30,-1.4784776190798274,-1.4683264739395594,0.005422779417883309,0.003866666666666685,8.145332025994216e-05,0.0,0.0,-4.455339050292968,-4.451299715042114,-0.21354465186595917,-0.1995028480887413,0.0,0.0,0.004789965446841344,100.99053802490235,10.8,0.0043895773094654806,0.014696508,0.003866666666666685
p07_early,2025-07-03,2025-07-10,gap_max,20.177016666666667,20.3079,0.00941310368576058,0.006116666666666659,0.000226162395924717,0.0,0.0,6.0,6.0,17.0,17.0,38.0,38.0,0.0,100.97648200988769,11.0,0.004388966361491773,-0.0024631312,0.006116666666666659
p07_early,2025-07-03,2025-07-10,w180_buyday_rate,0.13075888857615647,0.1312950850081087,0.004604565406210199,0.004349999999999965,0.0001271561770114487,0.0,0.0,0.0,0.0,0.10569105297327042,0.10638297349214554,0.2868216931819916,0.2881355881690979,0.004707008870421775,99.6171661376953,11.2,0.004329883379801938,0.07005072,0.004349999999999965
p07_early,2025-07-03,2025-07-10,w90_days_search,25.616866666666667,25.437633333333334,-0.010112279036823412,0.005149999999999988,0.00013027764947800156,0.0,0.0,6.0,6.0,21.0,21.0,52.0,52.0,0.0,99.0534704208374,10.8,0.004305382213885264,0.12007865,-0.005149999999999988
p07_early,2025-07-03,2025-07-10,w30_searches,33.493066666666664,32.95415,-0.010854065419142727,0.004766666666666697,0.00035943295587193957,0.0,0.0,2.0,2.0,18.0,18.0,80.0,79.0,0.0,98.9261121749878,10.6,0.0042998465580001855,0.04937233,-0.004766666666666697
p07_early,2025-07-03,2025-07-10,w30_aov,22.391194033943304,22.001200434033326,-0.005327737746597206,0.008400000000000074,0.00031181498094079625,0.0,0.0,0.0,0.0,9.593528270721436,9.425694465637207,49.75517845153806,48.807140731811494,-0.0067711904452405006,95.80072784423828,10.0,0.004164000998505947,-0.017646134,-0.008400000000000074
p07_early,2025-07-03,2025-07-10,dlog_gmv_30_90,-1.375370767029323,-1.401256723678639,-0.015869475514661262,0.010633333333333383,0.0005256222768493325,0.0,0.0,-4.006147956848144,-4.0408507823944095,-0.7902558147907257,-0.8140096962451935,0.0,0.0,-0.01104382527309652,94.82326850891113,10.0,0.004121515500327699,-0.005950243,-0.010633333333333383
p07_early,2025-07-03,2025-07-10,w90_gmv_per_day,7.943760401773788,8.183490409899191,0.007523183873412739,0.005449999999999955,0.00015212590517734266,0.0,0.0,0.0,0.0,3.119666814804077,3.1528977155685425,19.640869522094725,20.01576747894287,0.0038481621850009035,94.48896036148071,10.0,0.004106984718662112,0.085900314,0.005449999999999955
p07_early,2025-07-03,2025-07-10,w7_gmv_cat,1.6049478131225332,1.8326398440189038,0.005840541371374574,0.0011666666666666492,0.0,0.0,0.0,0.0,0.0,0.0,0.0,0.0,0.0,0.0,94.35598793029786,10.2,0.004101205040901006,-0.027385766,0.0011666666666666492
p07_early,2025-07-03,2025-07-10,w14_cart2ord,0.21414408653649347,0.21442338491639432,0.0008431095790926063,0.0034333333333332883,0.00020619747561443556,0.0,0.0,0.0,0.0,0.0,0.0,0.8571427464485168,0.8749998807907104,0.0,94.03800268173218,9.4,0.004087383737844828,-0.004337519,0.0034333333333332883
p07_early,2025-07-03,2025-07-10,trend_gmv_14_30,0.5776666669897544,0.5776023278193954,-7.770276423387065e-05,0.0019000000000000128,6.195389467224847e-05,0.0,0.0,0.0,0.0,0.0,0.0,2.1428534984588623,2.1428534984588623,0.0,93.61132774353027,9.4,0.004068838212057185,-0.027187526,-0.0019000000000000128
p07_early,2025-07-03,2025-07-10,dlog_buyd_30_90,-0.6059727512319882,-0.6111016411595046,-0.009679569140843013,0.005283333333333418,0.00048718946331113215,0.0,0.0,-1.3584088444709763,-1.3862943649291992,-0.6931471824645996,-0.6931471824645996,0.0,0.0,0.0,93.06367835998535,10.0,0.004045034503763654,0.0236451,-0.005283333333333418
p07_early,2025-07-03,2025-07-10,dlog_buyd_14_30,-0.2974875299979001,-0.29373474160643914,0.009441118246970548,0.004233333333333311,8.236298448727218e-05,0.0,0.0,-0.8472978472709656,-0.8266785740852356,0.0,0.0,0.0,0.0,0.0,90.80367593765259,9.4,0.003946802970924778,-0.006404491,0.004233333333333311
p07_early,2025-07-03,2025-07-10,w90_days_presence_only,4.5341,4.584933333333334,0.009552933725365047,0.004033333333333333,0.00015655906168545846,0.0,0.0,0.0,0.0,3.0,3.0,11.0,11.0,0.0,90.4509178161621,9.8,0.003931470256829895,-0.0347602,0.004033333333333333
p07_early,2025-07-03,2025-07-10,w60_days_search,17.1458,17.12245,-0.0019169396793419205,0.0030000000000000027,8.308458649583134e-05,0.0,0.0,4.0,4.0,14.0,14.0,35.0,35.0,0.0,90.3751319885254,9.8,0.003928176208140986,0.057339877,-0.0030000000000000027
p07_early,2025-07-03,2025-07-10,w180_aov,34.4201833554479,34.97303202023109,0.004192061082875885,0.005733333333333368,0.0004088992741038648,0.0,0.0,0.0,0.0,22.79600429534912,22.5684757232666,65.44622955322265,65.79480438232422,-0.008711168760159295,88.94371604919434,9.8,0.003865959380202655,0.0029747377,0.005733333333333368
p07_early,2025-07-03,2025-07-10,w180_days_present,60.85065,60.66818333333333,-0.004801852104197452,0.005099999999999993,0.0002680630588939878,0.0,0.0,18.0,17.0,53.0,53.0,118.0,117.0,0.0,88.59442434310913,9.6,0.0038507773346625265,0.074043,-0.005099999999999993
p07_early,2025-07-03,2025-07-10,w30_buyday_rate,0.13773394457151492,0.1388063603815312,0.0062006888982074765,0.00491666666666668,0.0002801549061774008,0.0,0.0,0.0,0.0,0.08695651590824127,0.0833333283662796,0.3636363446712494,0.3749999403953552,-0.01630434600393386,88.52674369812011,9.4,0.0038478355796293918,-0.0021622214,0.00491666666666668
p07_early,2025-07-03,2025-07-10,w180_searches,195.17596666666665,192.44845,-0.010468578062792867,0.007033333333333336,0.00047700854728363254,0.0,0.0,26.0,26.0,115.0,113.0,444.0,441.0,-0.010752688172043012,88.44815807342529,9.6,0.003844419837107795,0.006578145,-0.007033333333333336
p07_early,2025-07-03,2025-07-10,w180_days_search,49.8628,49.498333333333335,-0.010590911887299555,0.005549999999999999,0.00022400119232093857,0.0,0.0,12.0,12.0,42.0,41.0,101.0,100.0,-0.020833333333333332,87.83749179840088,9.2,0.0038178770849160797,-0.026801528,-0.005549999999999999
p07_early,2025-07-03,2025-07-10,trend_gmv_30_90,0.8349668286684057,0.8270523974779188,-0.007858126357209935,0.007950000000000013,0.00020523847448922358,0.0,0.0,0.0,0.0,0.38808418810367584,0.3641592413187027,2.6467750787734983,2.64819004535675,-0.01626560187921974,85.33304491043091,8.8,0.0037090207163176315,0.0053584287,-0.007950000000000013
p07_early,2025-07-03,2025-07-10,w180_gmv_cat,42.46356812395404,42.493460285517635,0.00013143199741021415,0.0024000000000000687,4.652598912154622e-05,0.0,0.0,0.0,0.0,0.0,0.0,88.23255386352534,86.26823959350585,0.0,84.84154033660889,8.6,0.0036876573552845843,-0.021902177,0.0024000000000000687
p07_early,2025-07-03,2025-07-10,w90_carts,31.448033333333335,31.384233333333334,-0.0012229120864958103,0.0038499999999999923,0.00023519566938987594,0.0,0.0,1.0,2.0,15.0,15.0,77.0,77.0,0.0,83.58680219650269,8.8,0.0036331198691314463,0.006262426,-0.0038499999999999923
p07_early,2025-07-03,2025-07-10,w180_cat_gmv_share,0.06468414890388353,0.0644020390613901,-0.0016692624299119337,0.0017166666666666996,7.664129738165567e-06,0.0,0.0,0.0,0.0,0.0,0.0,0.20994443297386156,0.20846122056245794,0.0,83.46177005767822,9.2,0.003627685318031199,-0.0111530535,-0.0017166666666666996
p07_early,2025-07-03,2025-07-10,w7_carts,2.6005,2.55955,-0.006933048033470612,0.0019333333333333425,3.142076385138376e-05,0.0,0.0,0.0,0.0,0.0,0.0,7.0,7.0,0.0,83.17921752929688,8.8,0.00361540410642889,-0.07365103,-0.0019333333333333425
p07_early,2025-07-03,2025-07-10,w30_cart2ord,0.26935005020834507,0.2691081035873542,-0.0007344290232189864,0.004533333333333334,9.856149045812726e-05,0.0,0.0,0.0,0.0,0.1249999925494194,0.1249999925494194,0.8461537957191467,0.8571427464485168,0.0,82.91469802856446,9.0,0.0036039067045827897,0.022077037,-0.004533333333333334
p07_early,2025-07-03,2025-07-10,dlog_gmv_14_30,-0.8772765154913844,-0.8619294382022349,0.01048964391035941,0.005099999999999993,0.00012942090028727013,0.0,0.0,-3.3799033403396606,-3.3271395444869993,0.0,0.0,0.0,0.0,0.0,82.3660698890686,8.6,0.0035800604544333797,0.026745949,0.005099999999999993
p07_early,2025-07-03,2025-07-10,w14_orders,1.3686833333333333,1.3655166666666667,-0.0009620187030553044,0.004483333333333284,0.00014444437775100054,0.0,0.0,0.0,0.0,0.0,0.0,4.0,4.0,0.0,82.02798957824707,8.4,0.0035653657148054627,-0.035293385,-0.004483333333333284
p07_early,2025-07-03,2025-07-10,w90_searches,99.76311666666666,98.39165,-0.010089269245451197,0.005716666666666703,0.00034392525545224727,0.0,0.0,12.0,12.0,58.0,57.0,228.0,224.0,-0.010416666666666666,78.54548206329346,7.8,0.0034139977127465573,0.035041288,-0.005716666666666703
p07_early,2025-07-03,2025-07-10,w60_searches,66.74276666666667,66.13116666666667,-0.006574568494286677,0.003149999999999986,0.0002704495034292903,0.0,0.0,7.0,7.0,38.0,38.0,155.0,152.09999999999854,0.0,76.00838241577148,8.2,0.0033037220843320494,-0.02118921,-0.003149999999999986
p07_early,2025-07-03,2025-07-10,w90_days_present,31.574783333333333,31.45468333333333,-0.006129930013877078,0.004766666666666641,0.0002779859378025483,0.0,0.0,9.0,9.0,28.0,27.0,61.0,61.0,-0.03333333333333333,75.57233638763428,7.6,0.0032847692419328773,-0.24341246,-0.004766666666666641
p07_early,2025-07-03,2025-07-10,w180_days_cart,22.259916666666665,22.187933333333334,-0.0033067471272927125,0.002633333333333328,0.00017063070415588867,0.0,0.0,3.0,3.0,15.0,15.0,52.0,52.0,0.0,74.97727794647217,8.0,0.0032589048878833224,0.009045494,-0.002633333333333328
p07_early,2025-07-03,2025-07-10,trend_gmv_7_30,0.5910122315046931,0.5824675250430975,-0.0069045618262993935,0.003483333333333394,9.080974216237571e-05,0.0,0.0,0.0,0.0,0.0,0.0,2.7275074481964103,2.6572526931762686,0.0,74.59920015335084,7.8,0.003242471648350635,0.010690349,-0.003483333333333394
p07_early,2025-07-03,2025-07-10,w60_orders,5.658183333333334,5.668,0.0008558827124283263,0.0062833333333334185,0.00025853513957669385,0.0,0.0,0.0,0.0,2.0,2.0,14.0,14.0,0.0,73.11105213165283,6.8,0.003177788947209259,0.03490504,0.0062833333333334185
p07_early,2025-07-03,2025-07-10,gap_std,4.638096560655782,4.665295509574935,0.0064486218531311645,0.004783333333333362,0.00012980784297028506,0.0,0.0,1.0238426685333253,1.0253521442413331,3.3353540897369385,3.3628262281417847,9.880917167663574,9.970706939697264,0.006298952053340073,72.09979600906372,8.0,0.003133834463783489,0.012692688,0.004783333333333362
p07_early,2025-07-03,2025-07-10,w90_days_cart,11.6522,11.6211,-0.002705012809433083,0.003500000000000003,0.0002774924371262697,0.0,0.0,1.0,1.0,8.0,8.0,27.0,27.0,0.0,71.13176412582398,7.6,0.0030917587320108695,-0.102622814,-0.003500000000000003
p07_early,2025-07-03,2025-07-10,w7_ponly_share,0.12596509637484948,0.12596886655837297,1.4726750521214596e-05,0.0017500000000000293,4.9314769656496585e-06,0.0,0.0,0.0,0.0,0.0,0.0,0.4999997615814209,0.4999997615814209,0.0,70.30183153152466,7.0,0.0030556855180685514,0.020521786,0.0017500000000000293
p07_early,2025-07-03,2025-07-10,w180_gmv,542.0598942062134,543.3656278250899,0.0010464960237049942,0.003983333333333339,7.727263049126165e-05,0.0,0.0,0.0,0.0,196.1930923461914,194.62088775634766,1362.6586059570313,1357.9758544921874,-0.002809798195620729,69.94376001358032,6.6,0.003040121855956495,0.039019335,0.003983333333333339
p07_early,2025-07-03,2025-07-10,w7_cart2ord,0.15852402643271876,0.15871799179298493,0.0006203795193420631,0.0032999999999999696,0.00016336348021320286,0.0,0.0,0.0,0.0,0.0,0.0,0.7499998211860657,0.7499998211860657,0.0,67.75262613296509,7.4,0.0029448837103593505,-0.0034205618,0.0032999999999999696
p07_early,2025-07-03,2025-07-10,w90_gmv,287.05335929447705,289.59183461542744,0.0034879459118982133,0.003416666666666679,2.6372906757090326e-05,0.0,0.0,0.0,0.0,86.42996597290039,85.86104965209961,736.591046142578,737.3978027343749,-0.001953932418697539,66.54371557235717,7.2,0.002892338130646633,-0.085320845,0.003416666666666679
p07_early,2025-07-03,2025-07-10,w7_gmv,23.19987875578987,24.548381126420075,0.009620499929259601,0.005249999999999977,8.113882037715405e-05,0.0,0.0,0.0,0.0,0.0,0.0,55.68361473083495,54.78428382873525,0.0,66.06655416488647,6.6,0.0028715981986871704,-0.0630143,0.005249999999999977
p07_early,2025-07-03,2025-07-10,w14_days_search,3.9942333333333333,3.9486833333333333,-0.013759252067862295,0.005466666666666731,0.00027490938490509347,0.0,0.0,0.0,0.0,3.0,3.0,9.0,9.0,0.0,65.72439203262329,6.4,0.0028567260417374724,-0.033458788,-0.005466666666666731
p07_early,2025-07-03,2025-07-10,w30_gmv,100.69651803980824,99.30624417072168,-0.004756716410781213,0.005266666666666642,0.0001401140477870772,0.0,0.0,0.0,0.0,15.036863803863525,14.593065738677979,261.2980316162109,254.93786621093744,-0.004918352074935462,65.51134185791015,6.6,0.002847465766161281,-0.05296474,-0.005266666666666642
p07_early,2025-07-03,2025-07-10,w60_carts,21.20935,21.33625,0.003494710247395436,0.006416666666666682,0.0004529265708113752,0.0,0.0,1.0,1.0,10.0,10.0,53.0,53.0,0.0,64.20333185195923,6.6,0.0027906128059239548,-0.049445674,0.006416666666666682
p07_early,2025-07-03,2025-07-10,w30_days_presence_only,1.5347166666666667,1.5709333333333333,0.01704441446740232,0.007133333333333325,0.000542388360623775,0.0,0.0,0.0,0.0,1.0,1.0,4.0,4.0,0.0,63.97344255447388,7.0,0.0027806206139457134,-0.05924913,0.007133333333333325
p07_early,2025-07-03,2025-07-10,w30_days_search,8.580616666666666,8.503616666666666,-0.011902040039762552,0.004783333333333362,0.00023732857885371445,0.0,0.0,1.0,1.0,7.0,7.0,18.0,18.0,0.0,63.133864116668704,6.4,0.002744128141163785,-0.19409752,-0.004783333333333362
p07_early,2025-07-03,2025-07-10,w60_gmv,195.2025940757975,197.4328097901371,0.004159516421572729,0.004033333333333333,0.0001464607732402493,0.0,0.0,0.0,0.0,49.35053253173828,50.041128158569336,503.05999755859335,504.0083984375,0.0035349059551836827,62.35191020965576,6.0,0.0027101403320640306,0.14147392,0.004033333333333333
p07_early,2025-07-03,2025-07-10,w60_days_cart,7.852,7.8905,0.004825652007307895,0.005416666666666681,0.0003138846726627727,0.0,0.0,1.0,1.0,5.0,5.0,19.0,19.0,0.0,59.96370611190796,5.6,0.0026063364834771332,0.08498331,0.005416666666666681
p07_early,2025-07-03,2025-07-10,w180_gmv_per_day,7.852254591025014,7.993098873948497,0.00574925899493754,0.0024000000000000132,0.00023061609410203032,0.0,0.0,0.0,0.0,3.717864155769348,3.717919707298279,18.992136764526364,18.8585090637207,6.659558469272761e-06,58.85082244873047,6.4,0.0025579647352767807,-0.07472949,0.0024000000000000132
p07_early,2025-07-03,2025-07-10,w7_gmv_per_day,6.6078514084959865,7.430961989914463,0.009787430624720816,0.00436666666666663,7.71613987380233e-05,0.0,0.0,0.0,0.0,0.0,0.0,15.7794264793396,15.711273765563964,0.0,57.91648054122925,6.0,0.0025173533461638844,-0.038456112,0.00436666666666663
p07_early,2025-07-03,2025-07-10,w90_orders,8.280116666666666,8.256666666666666,-0.0014329893978061046,0.003416666666666651,0.00018278158687190868,0.0,0.0,0.0,0.0,4.0,4.0,20.0,20.0,0.0,57.09159622192383,5.6,0.0024814995566725946,0.054211147,-0.003416666666666651
p07_early,2025-07-03,2025-07-10,w14_days_present,4.9439,4.914433333333333,-0.008032375320435008,0.004566666666666608,0.000359272518992479,0.0,0.0,1.0,1.0,4.0,4.0,10.0,10.0,0.0,57.053972244262695,6.6,0.0024798642217009914,-0.037631877,-0.004566666666666608
p07_early,2025-07-03,2025-07-10,w30_days_cat,1.63595,1.6048,-0.010948801893828589,0.007333333333333303,0.00027331883933402604,0.0,0.0,0.0,0.0,1.0,1.0,5.0,4.0,0.0,57.00741567611694,6.4,0.0024778406295988403,-0.0649521,-0.007333333333333303
p07_early,2025-07-03,2025-07-10,w30_days_present,10.586516666666666,10.542716666666667,-0.006120734311784824,0.004683333333333262,0.00020881835108274726,0.0,0.0,2.0,2.0,9.0,9.0,21.0,21.0,0.0,56.36102809906006,6.4,0.002449745242675863,0.04725297,-0.004683333333333262
p07_early,2025-07-03,2025-07-10,w180_orders,15.504066666666667,15.355716666666666,-0.004823197297604964,0.002466666666666728,0.00022408201937958728,0.0,0.0,0.0,0.0,7.0,7.0,37.0,37.0,0.0,56.25373573303223,6.2,0.002445081754941215,-0.037107,-0.002466666666666728
p07_early,2025-07-03,2025-07-10,w90_days_cat,4.842416666666667,4.810133333333333,-0.004300505046594903,0.004799999999999971,0.00019185811002189073,0.0,0.0,0.0,0.0,2.0,2.0,12.0,12.0,0.0,54.69178810119629,6.0,0.002377191336518157,0.2136786,-0.004799999999999971
p07_early,2025-07-03,2025-07-10,w14_gmv_cat,3.1163070964315285,3.6728552945650494,0.00876658313000885,0.0019500000000000073,0.0,0.0,0.0,0.0,0.0,0.0,0.0,0.0,0.0,0.0,54.54125785827637,5.2,0.00237064850437138,0.013213192,0.0019500000000000073
p07_early,2025-07-03,2025-07-10,w7_buyday_rate,0.11652891888494293,0.1166525295227766,0.0005340950761327653,0.001983333333333226,9.410403560987786e-05,0.0,0.0,0.0,0.0,0.0,0.0,0.4999997615814209,0.4999997615814209,0.0,52.23261013031006,5.8,0.002270302591967873,-0.021263838,0.001983333333333226
p07_early,2025-07-03,2025-07-10,dlog_buyd_7_14,-0.17365947074095409,-0.17592969560213387,-0.0071129924751963695,0.0030166666666666675,6.586774002526924e-05,0.0,0.0,-0.6931471824645996,-0.6931471824645996,0.0,0.0,0.0,0.0,0.0,51.98171796798706,5.2,0.0022593975055667666,0.0010709191,-0.0030166666666666675
p07_early,2025-07-03,2025-07-10,w180_days_buy,9.118483333333334,9.079333333333333,-0.0034373169284998987,0.0037999999999999146,0.000329082363869314,0.0,0.0,0.0,0.0,5.0,5.0,23.0,23.0,0.0,50.65691213607788,4.8,0.002201814510833516,0.002353347,-0.0037999999999999146
p07_early,2025-07-03,2025-07-10,w60_days_cat,3.3046166666666665,3.2805166666666667,-0.004552873833452488,0.005316666666666636,0.0001603965459370674,0.0,0.0,0.0,0.0,1.0,1.0,9.0,9.0,0.0,49.17159414291382,4.6,0.0021372548175429816,-0.07780575,-0.005316666666666636
p07_early,2025-07-03,2025-07-10,w60_days_presence_only,3.0381,3.0994166666666665,0.016342635074576364,0.006749999999999923,0.00037152369717765915,0.0,0.0,0.0,0.0,2.0,2.0,8.0,8.0,0.0,46.258544540405275,4.8,0.0020106384365770153,0.016679207,0.006749999999999923
p07_early,2025-07-03,2025-07-10,w7_days_present,2.468366666666667,2.44625,-0.010852476466384813,0.003950000000000009,0.00013943078631214865,0.0,0.0,0.0,0.0,2.0,2.0,6.0,6.0,0.0,43.657595825195315,4.6,0.0018975875935311668,-0.04897597,-0.003950000000000009
p07_early,2025-07-03,2025-07-10,w7_days_search,1.9877833333333332,1.9647,-0.01245549006567963,0.005066666666666664,0.00015335402330389654,0.0,0.0,0.0,0.0,2.0,2.0,5.0,5.0,0.0,42.119571685791016,4.6,0.0018307370152911087,0.10415077,-0.005066666666666664
p07_early,2025-07-03,2025-07-10,w90_cat_gmv_share,0.05210740866395208,0.05398553830366621,0.01116373473030995,0.005066666666666664,8.809536759517453e-05,0.0,0.0,0.0,0.0,0.0,0.0,0.1417811930179596,0.14885955303907392,0.0,38.96679372787476,4.0,0.0016937007853975756,0.013623095,0.005066666666666664
p07_early,2025-07-03,2025-07-10,w60_cat_gmv_share,0.04774294984684893,0.04912540475774586,0.008222346648044297,0.003666666666666707,0.00011452684520350536,0.0,0.0,0.0,0.0,0.0,0.0,0.0977328360080719,0.10767415165901183,0.0,38.36958208084106,4.2,0.0016677428417521897,0.00026024977,0.003666666666666707
p07_early,2025-07-03,2025-07-10,w14_cat_gmv_share,0.02437921694376831,0.025750210436613998,0.009919818413022226,0.0022333333333333094,0.0,0.0,0.0,0.0,0.0,0.0,0.0,0.0,0.0,0.0,38.291561698913576,4.2,0.00166435166763942,0.031485107,0.0022333333333333094
p07_early,2025-07-03,2025-07-10,w60_gmv_cat,13.931774964096304,14.433138751610462,0.004717181036926626,0.0035166666666666124,5.735006079803601e-05,0.0,0.0,0.0,0.0,0.0,0.0,18.19468326568603,19.223102378845205,0.0,37.97204580307007,4.2,0.0016504638346420122,0.068299584,0.0035166666666666124
p07_early,2025-07-03,2025-07-10,w14_gmv,46.06276610304987,47.527835952859434,0.007638092799053068,0.003249999999999975,4.92020140234047e-05,0.0,0.0,0.0,0.0,0.0,0.0,117.78344345092773,118.47292022705078,0.0,37.470187950134275,3.8,0.00162865046591552,0.00048009257,0.003249999999999975
p07_early,2025-07-03,2025-07-10,w60_days_buy,3.3193,3.342216666666667,0.005208024972569362,0.005599999999999938,0.0002471214657754665,0.0,0.0,0.0,0.0,2.0,2.0,9.0,9.0,0.0,36.645256233215335,3.2,0.0015927946162758947,-0.016098257,0.005599999999999938
p07_early,2025-07-03,2025-07-10,w14_days_cart,1.8631,1.8658833333333333,0.0012389051987578487,0.003049999999999997,3.2229842292465483e-05,0.0,0.0,0.0,0.0,1.0,1.0,5.0,5.0,0.0,36.50266399383545,3.8,0.001586596811305953,0.024740776,0.003049999999999997
p07_early,2025-07-03,2025-07-10,w30_days_cart,3.97835,3.972,-0.0014759820991513922,0.002799999999999997,0.0002629428278537538,0.0,0.0,0.0,0.0,3.0,3.0,10.0,10.0,0.0,33.84737987518311,3.6,0.0014711842672659725,-0.036883153,-0.002799999999999997
p07_early,2025-07-03,2025-07-10,w30_cat_gmv_share,0.0368959317748966,0.03681897620933208,-0.0004875367446710128,0.0010333333333333306,0.0,0.0,0.0,0.0,0.0,0.0,0.0,0.0,0.0,0.0,32.068061923980714,3.6,0.0013938457971709155,-0.02392021,-0.0010333333333333306
p07_early,2025-07-03,2025-07-10,w90_days_buy,4.871433333333333,4.871183333333334,-4.007538435646007e-05,0.003416666666666651,0.00027414812191091245,0.0,0.0,0.0,0.0,3.0,3.0,12.0,12.0,0.0,28.96424436569214,3.0,0.0012589376424760217,-0.010548584,-0.003416666666666651
p07_early,2025-07-03,2025-07-10,w7_cat_gmv_share,0.016440505125012713,0.016227481083005358,-0.0018368473816013375,0.0006666666666667043,0.0,0.0,0.0,0.0,0.0,0.0,0.0,0.0,0.0,0.0,28.833316040039062,3.0,0.0012532468122389223,-0.03137391,-0.0006666666666667043
p07_early,2025-07-03,2025-07-10,w7_days_cart,0.9359833333333333,0.93065,-0.004132612919030455,0.0016666666666667052,2.9762615951913993e-05,0.0,0.0,0.0,0.0,0.0,0.0,3.0,3.0,0.0,26.729317951202393,2.6,0.0011617960441715333,0.0385457,-0.0016666666666667052
p07_early,2025-07-03,2025-07-10,w14_days_cat,0.75385,0.7404833333333334,-0.009052154961638737,0.007533333333333281,0.00025795361506986516,0.0,0.0,0.0,0.0,0.0,0.0,2.0,2.0,0.0,25.854506015777588,2.8,0.001123772139191015,0.0018411941,-0.007533333333333281
p07_early,2025-07-03,2025-07-10,w14_days_buy,0.7998833333333333,0.8019333333333334,0.0015595842052761283,0.003766666666666696,5.243273785300476e-05,0.0,0.0,0.0,0.0,0.0,0.0,2.0,2.0,0.0,24.917501831054686,2.6,0.0010830450335772232,0.10600237,0.003766666666666696
p07_early,2025-07-03,2025-07-10,w90_presence_rate,0.3508309312157954,0.3494964867519836,-0.006129930119103359,0.004766666666666641,0.0002779859378025483,0.0,0.0,0.10000000149011612,0.10000000149011612,0.31111112236976624,0.30000001192092896,0.6777777671813965,0.6777777671813965,-0.03333333184321719,23.91292600631714,2.4,0.0010393809108569525,-0.24381277,-0.004766666666666641
p07_early,2025-07-03,2025-07-10,w90_gmv_cat,20.492156658179532,21.0621769446169,0.004336131181961856,0.005033333333333334,1.6359317173603015e-05,0.0,0.0,0.0,0.0,0.0,0.0,33.11385002136227,33.89263381958007,0.0,20.68603982925415,2.4,0.000899123549919131,-0.020636668,0.005033333333333334
p07_early,2025-07-03,2025-07-10,w30_orders,2.9221833333333334,2.881266666666667,-0.0065884865423147575,0.003149999999999986,0.0001560472823241083,0.0,0.0,0.0,0.0,1.0,1.0,8.0,8.0,0.0,19.945490264892577,2.2,0.0008669353902377306,-0.028320659,-0.003149999999999986
p07_early,2025-07-03,2025-07-10,w7_orders,0.6969333333333333,0.6862666666666667,-0.005480681611470922,0.0017333333333332535,5.585453065461775e-05,0.0,0.0,0.0,0.0,0.0,0.0,2.0,2.0,0.0,17.97976417541504,2.2,0.0007814946468993078,0.0599582,-0.0017333333333332535
p07_early,2025-07-03,2025-07-10,w30_gmv_cat,7.325129588800824,7.181759014535136,-0.001755712093228556,0.0012499999999999734,0.0,0.0,0.0,0.0,0.0,0.0,0.0,0.0,0.0,0.0,17.77463827133179,2.0,0.0007725788015958061,-0.0035923396,-0.0012499999999999734
p07_early,2025-07-03,2025-07-10,w60_presence_rate,0.35239555716222776,0.3530930572135374,0.0031067090784101586,0.003300000000000025,0.00011796448640139255,0.0,0.0,0.10000000149011612,0.10000000149011612,0.30000001192092896,0.30000001192092896,0.6833333373069763,0.6833333373069763,0.0,17.42947988510132,1.6,0.0007575764117680047,0.16944729,0.003300000000000025
p07_early,2025-07-03,2025-07-10,w7_days_presence_only,0.37205,0.3742666666666667,0.002992418782484718,0.0017500000000000293,1.584488386049695e-05,0.0,0.0,0.0,0.0,0.0,0.0,1.0,1.0,0.0,17.403792095184325,2.0,0.0007564598859829639,-0.0022675986,0.0017500000000000293
p07_early,2025-07-03,2025-07-10,w30_days_buy,1.71055,1.7010333333333334,-0.003907029497298035,0.003149999999999986,5.198542918455426e-05,0.0,0.0,0.0,0.0,1.0,1.0,5.0,5.0,0.0,17.30680208206177,1.8,0.000752244192422221,-0.08190355,-0.003149999999999986
p07_early,2025-07-03,2025-07-10,w90_lgmv,3.8571296722174933,3.8636752851801615,0.0026933285456570704,0.003416666666666679,2.6372906757090326e-05,0.0,0.0,0.0,0.0,4.4708380699157715,4.464309930801392,6.603389453887939,6.604482555389404,-0.0019083725725788899,14.841218185424804,1.8,0.0006450770128138463,-0.004194914,0.003416666666666679
p07_early,2025-07-03,2025-07-10,w7_presence_rate,0.35262381828849515,0.3494642944427828,-0.010852476454883613,0.003950000000000009,0.00013943078631214865,0.0,0.0,0.0,0.0,0.2857142984867096,0.2857142984867096,0.8571428656578064,0.8571428656578064,0.0,14.489622020721436,1.6,0.0006297948034419503,-0.048918843,-0.003950000000000009
p07_early,2025-07-03,2025-07-10,w7_lgmv,1.0032812855183457,0.9940920880604225,-0.005248717924377978,0.005249999999999977,8.113882037715405e-05,0.0,0.0,0.0,0.0,0.0,0.0,4.037485122680664,4.021492099761961,0.0,13.9819580078125,1.4,0.000607729068616894,0.0043435046,-0.005249999999999977
p07_early,2025-07-03,2025-07-10,w60_lgmv,3.3336580670386553,3.347057232912816,0.0055097239897913125,0.004033333333333333,0.0001464607732402493,0.0,0.0,0.0,0.0,3.919009208679199,3.932631731033325,6.222695350646972,6.224575233459473,0.0025800362352919716,12.597319984436036,1.2,0.0005475454537148944,-0.03448663,0.004033333333333333
p07_early,2025-07-03,2025-07-10,w14_lgmv,1.6044823898887883,1.600489123743462,-0.001917497804891516,0.003249999999999975,4.92020140234047e-05,0.0,0.0,0.0,0.0,0.0,0.0,4.7773021221160885,4.783089685440063,0.0,11.996636009216308,1.4,0.0005214365845143574,0.009182985,-0.003249999999999975
p07_early,2025-07-03,2025-07-10,w7_days_cat,0.37298333333333333,0.36741666666666667,-0.006584302355377245,0.0043999999999999595,0.00010937501022889739,0.0,0.0,0.0,0.0,0.0,0.0,1.0,1.0,0.0,11.845080184936524,1.2,0.0005148491752343729,0.022532264,-0.0043999999999999595
p07_early,2025-07-03,2025-07-10,w30_lgmv,2.4817589045006163,2.4624185617204755,-0.008260400644798348,0.005266666666666642,0.0001401140477870772,0.0,0.0,0.0,0.0,2.7748900651931763,2.7468262910842896,5.569481420516968,5.544934511184692,-0.006217854372217409,11.821734046936035,1.2,0.0005138344298964944,-0.008497245,-0.005266666666666642
p07_early,2025-07-03,2025-07-10,w30_presence_rate,0.3528838938890025,0.3514238939681401,-0.00612073400708524,0.004683333333333262,0.00020881835108274726,0.0,0.0,0.06666667014360428,0.06666667014360428,0.30000001192092896,0.30000001192092896,0.699999988079071,0.699999988079071,0.0,10.539738082885743,1.2,0.0004581121760628346,0.04718906,-0.004683333333333262
p07_early,2025-07-03,2025-07-10,w180_lgmv,4.701080481243289,4.700370934813594,-0.00029891445216317664,0.003983333333333339,7.727263049126165e-05,0.0,0.0,0.0,0.0,5.284183502197266,5.276178359985352,7.217926502227783,7.214486837387085,-0.0029381194040664985,9.02899398803711,1.0,0.00039244733132736727,-0.077903226,-0.003983333333333339
p07_early,2025-07-03,2025-07-10,w180_presence_rate,0.33805916850601014,0.3370454647650632,-0.004801852312420496,0.005099999999999993,0.0002680630588939878,0.0,0.0,0.10000000149011612,0.09444444626569748,0.2944444417953491,0.2944444417953491,0.6555555462837219,0.6499999761581421,0.0,8.034639835357666,1.0,0.00034922749596914604,0.0740467,-0.005099999999999993
p07_early,2025-07-03,2025-07-10,w14_presence_rate,0.3531357187425097,0.35103095682697993,-0.008032375402315136,0.004566666666666608,0.000359272518992479,0.0,0.0,0.0714285746216774,0.0714285746216774,0.2857142984867096,0.2857142984867096,0.7142857313156128,0.7142857313156128,0.0,6.414662075042725,0.8,0.0002788147844657799,-0.03767331,-0.004566666666666608
p07_early,2025-07-03,2025-07-10,w14_gmv30eq,1.907283889598151,1.9023526219272364,-0.002030413746778609,0.003249999999999975,4.92020140234047e-05,0.0,0.0,0.0,0.0,0.0,0.0,5.534942007064819,5.540755796432495,0.0,5.089612007141113,0.4,0.00022122117395810648,-0.078206584,-0.003249999999999975
p07_early,2025-07-03,2025-07-10,w7_days_buy,0.4035,0.40053333333333335,-0.0037582450190420474,0.0017166666666666996,1.495592219702145e-05,0.0,0.0,0.0,0.0,0.0,0.0,1.0,1.0,0.0,4.678598022460937,0.6,0.00020335635517102152,-0.030345699,-0.0017166666666666996
p07_early,2025-07-03,2025-07-10,w60_gmv30eq,2.8575404561315043,2.8691933500612157,0.00540020119655692,0.004033333333333333,0.0001464607732402493,0.0,0.0,0.0,0.0,3.2455281019210815,3.2588871717453003,5.531530284881591,5.5334059715271,0.002909264761110017,4.069528007507325,0.4,0.00017688298479589856,0.037542224,0.004033333333333333
p07_early,2025-07-03,2025-07-10,w7_gmv30eq,1.387782791673392,1.3758426373148958,-0.0050658873307892005,0.005249999999999977,8.113882037715405e-05,0.0,0.0,0.0,0.0,0.0,0.0,5.479154825210571,5.462940645217894,0.0,1.706954002380371,0.2,7.419315416759714e-05,-0.038571678,-0.005249999999999977
p07_early,2025-07-03,2025-07-10,w30_gmv30eq,2.4817589045006163,2.4624185617204755,-0.008260400644798348,0.005266666666666642,0.0001401140477870772,0.0,0.0,0.0,0.0,2.7748900651931763,2.7468262910842896,5.569481420516968,5.544934511184692,-0.006217854372217409,0.0,0.0,0.0,-0.008497245,-0.005266666666666642
p07_early,2025-07-03,2025-07-10,w180_gmv30eq,3.2192258503222293,3.215765186144233,-0.0018646473846565513,0.003983333333333339,7.727263049126165e-05,0.0,0.0,0.0,0.0,3.5174636840820312,3.5096575021743774,5.429827165603638,5.42639946937561,-0.00298739693770258,0.0,0.0,0.0,0.11414184,-0.003983333333333339
p07_early,2025-07-03,2025-07-10,w90_gmv30eq,3.0339229798696006,3.0376460980512046,0.0018253807724659522,0.003416666666666679,2.6372906757090326e-05,0.0,0.0,0.0,0.0,3.3948434591293335,3.3884615898132324,5.507485008239746,5.508575296401977,-0.001968277387142744,0.0,0.0,0.0,0.08159324,0.003416666666666679
