cutoff,segment,bucket,population_share,mse_share,mean_signed_residual,residual_variance,oracle_indicator_intercept_gain,whole_segmentation_after_span_gain
2025-09-04,recency,0-7,0.3204521584145811,0.2861104293294653,-0.08350229191620123,2.799115053677065,0.00020221079554283007,0.00044716381450670946
2025-09-04,recency,8-30,0.3007564264420374,0.3567725593223781,-0.15638492080758432,3.703813084435126,0.00026976694572719296,0.00044716381450670946
2025-09-04,recency,31-90,0.18037004423980735,0.2192291111353763,-0.1403048732049623,3.8003250836203897,3.817636842565177e-05,0.00044716381450670946
2025-09-04,recency,>90/never,0.1984213709035742,0.13788790021278027,-0.12656311097566852,2.1680613785635043,0.00024175905269065075,0.00044716381450670946
2025-09-04,purchase_frequency,0,0.19980585408289925,0.139264464399862,-0.12784200792473982,2.1742552689596866,0.00021373041234577604,0.0003509931897684081
2025-09-04,purchase_frequency,1,0.12944652500026524,0.14721811085780423,-0.1464249705913158,3.5529469121234767,2.0024903087378364e-07,0.0003509931897684081
2025-09-04,purchase_frequency,2-3,0.19485142002355213,0.2535790724421028,-0.16890826397662512,4.061632698242718,0.00010977457530632645,0.0003509931897684081
2025-09-04,purchase_frequency,4-7,0.2276758718000403,0.2804226459177035,-0.12921053618808828,3.8543372007011256,1.3293649334520883e-06,0.0003509931897684081
2025-09-04,purchase_frequency,8+,0.2482203290932431,0.17951570638252748,-0.07003439277298107,2.2680764451466735,5.481690506504762e-06,0.0003509931897684081
2025-09-04,activity_intensity,1-3,0.16110397946084723,0.1443683166544891,-0.07239794394784656,2.811171760087635,0.00023373937531841302,0.0003594107973381307
2025-09-04,activity_intensity,4-7,0.21863164260176748,0.23983481582842153,-0.11950167999260712,3.43342325128267,1.4793264277167853e-06,0.0003594107973381307
2025-09-04,activity_intensity,8-15,0.3399675362564848,0.38134182051760007,-0.1388313149647991,3.506120488518449,6.678682947121646e-05,0.0003594107973381307
2025-09-04,activity_intensity,16+,0.2802968416809005,0.2344550469994893,-0.13993484898720537,2.609306527744057,1.817515569752976e-05,0.0003594107973381307
2025-09-04,tenure_quartile,Q1,0.25000265226662705,0.24979263209888225,-0.11460097501069001,3.1271277081548874,0.0002702308163827566,0.0002745715191345255
2025-09-04,tenure_quartile,Q2,0.24999734773337295,0.2655990764927661,-0.13285196544322425,3.321392568234421,2.2509726387848608e-05,0.0002745715191345255
2025-09-04,tenure_quartile,Q3,0.25000265226662705,0.2519358708621619,-0.12187853009414452,3.1523503817299994,4.361679707560865e-05,0.0002745715191345255
2025-09-04,tenure_quartile,Q4,0.24999734773337295,0.23267242054618975,-0.1275163100145912,2.9088364857956566,1.656663897350582e-05,0.0002745715191345255
2025-09-04,baseline_prediction_decile,D1,0.10000106090665083,0.04314002993846949,-0.10311868794772934,1.3452007372406283,9.695635981178007e-05,0.000611749518581022
2025-09-04,baseline_prediction_decile,D2,0.10000106090665083,0.08292016793802333,-0.1267978852415545,2.5899937294218502,6.727415917212336e-05,0.000611749518581022
2025-09-04,baseline_prediction_decile,D3,0.10000106090665083,0.11079384636972871,-0.14278904777252138,3.4617156439904626,3.7343300565647966e-06,0.000611749518581022
2025-09-04,baseline_prediction_decile,D4,0.10000106090665083,0.12750623504218273,-0.1677759348620944,3.979203909362849,2.698412348427413e-05,0.000611749518581022
2025-09-04,baseline_prediction_decile,D5,0.09999575637339671,0.1351952383158141,-0.18751732666303586,4.214070549767367,0.00014439190296541021,0.000611749518581022
2025-09-04,baseline_prediction_decile,D6,0.10000106090665083,0.13588729173592812,-0.1799124325566142,4.238389740138311,0.00013639485591769967,0.000611749518581022
2025-09-04,baseline_prediction_decile,D7,0.10000106090665083,0.1264923296863499,-0.1206655917193385,3.9609267815623754,1.4550431052000034e-05,0.000611749518581022
2025-09-04,baseline_prediction_decile,D8,0.10000106090665083,0.10738577714538347,-0.11994224062163056,3.3606070976105826,1.66114466010177e-05,0.000611749518581022
2025-09-04,baseline_prediction_decile,D9,0.10000106090665083,0.08269159607071373,-0.06570722932753888,2.5945702810369458,1.7725799482789467e-05,0.000611749518581022
2025-09-04,baseline_prediction_decile,D10,0.09999575637339671,0.047987487757406494,-0.027890689787978866,1.5074855171105734,0.0001039417541886395,0.000611749518581022
2025-09-04,zero_probability_quintile,Q1,0.20000212181330165,0.1290717057812364,-0.1145173783778842,2.015162446433081,0.00028891880101881577,0.00043511371942930237
2025-09-04,zero_probability_quintile,Q2,0.20000212181330165,0.24379033824032767,-0.15427969936859326,3.8072020520827174,1.1053760410916816e-05,0.00043511371942930237
2025-09-04,zero_probability_quintile,Q3,0.19999681728004753,0.27483378250717433,-0.1776385271869371,4.287390619878545,0.00024631070678614547,0.00043511371942930237
2025-09-04,zero_probability_quintile,Q4,0.20000212181330165,0.23313488674727084,-0.11926225165759814,3.6493374048267597,5.880450420017046e-06,0.00043511371942930237
2025-09-04,zero_probability_quintile,Q5,0.19999681728004753,0.11916928672399074,-0.05536114323162302,1.8696515086554428,4.419230748167014e-05,0.00043511371942930237
2025-09-04,recent_channel_mix,no_recent_gmv,0.38573504917302326,0.3657795267617203,-0.13275546920804757,2.9626832519967246,5.519499347559177e-05,6.655909695564127e-05
2025-09-04,recent_channel_mix,search-heavy,0.5640416299769784,0.5810005079145734,-0.1208088204754174,3.2228032969173177,6.280619172041996e-05,6.655909695564127e-05
2025-09-04,recent_channel_mix,mixed,0.029678863556795637,0.028527342051184897,-0.07985607186852048,3.014581738080775,2.0027221314942046e-06,6.655909695564127e-05
2025-09-04,recent_channel_mix,catalog-heavy,0.02054445729320277,0.024692623272521398,-0.12130779728246348,3.762774279294628,3.0270346991211835e-06,6.655909695564127e-05
2025-09-18,recency,0-7,0.31857610260437114,0.2810883475210458,0.18894480901656588,2.722474350549081,0.0005946995228576839,0.0007070716009520327
2025-09-18,recency,8-30,0.2983850281376783,0.3506224882336646,0.14476641364053258,3.65232941264977,0.00013009933090039246,0.0007070716009520327
2025-09-18,recency,31-90,0.18604371155607904,0.2273824653571685,0.14634974944523294,3.7992036973939185,0.0002082637660067789,0.0007070716009520327
2025-09-18,recency,>90/never,0.19699515770187148,0.14090669888812118,0.1518983189029657,2.2129082654683625,3.659178127065914e-05,0.0007070716009520327
2025-09-18,purchase_frequency,0,0.19830912184269076,0.1425467911902644,0.15302746914480128,2.2236021092541423,4.5148315029099434e-05,0.00014767311979352373
2025-09-18,purchase_frequency,1,0.12835492736552806,0.14801302728669244,0.15264929302720232,3.581484180516141,1.766560179785041e-05,0.00014767311979352373
2025-09-18,purchase_frequency,2-3,0.1935767569689831,0.2520007656320624,0.13366729800504865,4.051630128537548,7.591700193992057e-05,0.00014767311979352373
2025-09-18,purchase_frequency,4-7,0.22765606595995289,0.2780917776696523,0.17156540287408106,3.789137558935612,7.141754873888893e-05,0.00014767311979352373
2025-09-18,purchase_frequency,8+,0.25210312786284517,0.17934763822132843,0.18114529891366796,2.1910570045425244,6.746489855739701e-06,0.00014767311979352373
2025-09-18,activity_intensity,1-3,0.15644025651092788,0.14445409829384961,0.21614583821664227,2.8397934495463546,0.0002231665443913085,0.0004928051321172063
2025-09-18,activity_intensity,4-7,0.21639575971731448,0.24181328663339016,0.17455240454140405,3.4627318766059916,8.558365151470977e-06,0.0004928051321172063
2025-09-18,activity_intensity,8-15,0.3413427561837456,0.37927949238669273,0.15458589078422497,3.4495508727434925,9.247942188923379e-06,0.0004928051321172063
2025-09-18,activity_intensity,16+,0.28582122758801204,0.2344531226860675,0.12660721823478344,2.548180860057308,0.00015700162936602304,0.0004928051321172063
2025-09-18,tenure_quartile,Q1,0.25000392618767175,0.25492431791317716,0.18281594225558326,3.1541248168494227,0.00032707176542008887,0.0003619854241301862
2025-09-18,tenure_quartile,Q2,0.24999869127077606,0.2654612942991161,0.14964191449201927,3.2969765174632717,3.4661262937837416e-05,0.0003619854241301862
2025-09-18,tenure_quartile,Q3,0.24999869127077606,0.24997516394534663,0.14693820500358623,3.104137406758066,0.0001169991834616831,0.0003619854241301862
2025-09-18,tenure_quartile,Q4,0.24999869127077606,0.22963922384236019,0.16276393231946687,2.844952394264047,3.212161147917133e-07,0.0003619854241301862
2025-09-18,baseline_prediction_decile,D1,0.10000261745844785,0.04524591170069357,0.16161451444423916,1.3882410778332823,1.6196640737352744e-05,0.00029857358581523107
2025-09-18,baseline_prediction_decile,D2,0.09999738254155215,0.08504932635732422,0.1609921233334927,2.6328121477381394,2.414111639730006e-05,0.00029857358581523107
2025-09-18,baseline_prediction_decile,D3,0.10000261745844785,0.11370617977649052,0.1634113732544074,3.5276843750547595,9.426484260628416e-06,0.00029857358581523107
2025-09-18,baseline_prediction_decile,D4,0.09999738254155215,0.12800068767382758,0.12533278612116786,3.9857266386435812,0.00010158582636841442,0.00029857358581523107
2025-09-18,baseline_prediction_decile,D5,0.10000261745844785,0.1359870314654896,0.13913903247245524,4.2315141732476045,2.0893897932557622e-05,0.00029857358581523107
2025-09-18,baseline_prediction_decile,D6,0.09999738254155215,0.13543211354806586,0.12979465402875554,4.216902414290829,5.8517659744427765e-05,0.00029857358581523107
2025-09-18,baseline_prediction_decile,D7,0.10000261745844785,0.12385952045922324,0.17075079225202516,3.842619218783127,9.028989735525252e-06,0.00029857358581523107
2025-09-18,baseline_prediction_decile,D8,0.09999738254155215,0.10596296078921358,0.18825970819622528,3.277070909980206,2.327230029390414e-05,0.00029857358581523107
2025-09-18,baseline_prediction_decile,D9,0.10000261745844785,0.0801277921761182,0.20684037301293473,2.4619642572076197,3.401969421914712e-05,0.00029857358581523107
2025-09-18,baseline_prediction_decile,D10,0.09999738254155215,0.04662847605355365,0.15926374961108197,1.432289832783783,4.794601732256637e-06,0.00029857358581523107
2025-09-18,zero_probability_quintile,Q1,0.2,0.1335220763069257,0.16183221986325472,2.0607753612449886,8.402803417432562e-05,0.0001115775590717873
2025-09-18,zero_probability_quintile,Q2,0.2,0.247705079134414,0.1504227495485157,3.8490311661088685,1.1946234849609285e-05,0.0001115775590717873
2025-09-18,zero_probability_quintile,Q3,0.2,0.2734893390353939,0.14007731486163477,4.25504738978936,4.743919988068229e-05,0.0001115775590717873
2025-09-18,zero_probability_quintile,Q4,0.2,0.23029084948547898,0.1697311390561093,3.5706631475171395,7.78246091295151e-06,0.0001115775590717873
2025-09-18,zero_probability_quintile,Q5,0.2,0.1149926560377874,0.18063715232237626,1.7647183307490006,1.963572050233531e-06,0.0001115775590717873
2025-09-18,recent_channel_mix,no_recent_gmv,0.39061902892291583,0.3775800634662195,0.14795408508483993,2.999784573646523,0.0001554157033360406,0.00016011607558401872
2025-09-18,recent_channel_mix,search-heavy,0.5599947650831043,0.5720897572066878,0.17021459796319527,3.1645665123549644,0.00012509359579049209,0.00016011607558401872
2025-09-18,recent_channel_mix,mixed,0.028839157178379794,0.025976565781243154,0.16151634717619456,2.789644109767044,5.6693164808442433e-08,0.00016011607558401872
2025-09-18,recent_channel_mix,catalog-heavy,0.02054704881560005,0.024353613545849705,0.13477142099601486,3.6869888215581,1.4061470218554902e-07,0.00016011607558401872
2025-10-02,recency,0-7,0.3203661445372598,0.28303240953223113,0.12083619256258202,2.6968190521299893,0.0002795738389903484,0.0007450551783143781
2025-10-02,recency,8-30,0.2896114489865458,0.34084231592120295,0.10356404075292379,3.601252455798219,2.5458001591548964e-05,0.0007450551783143781
2025-10-02,recency,31-90,0.19415159994630707,0.23811068219734274,0.07556666203249857,3.7582515633550098,0.00024695817915396833,0.0007450551783143781
2025-10-02,recency,>90/never,0.19587080652988734,0.13801459234922317,0.0838182964345488,2.1555068122348846,5.6901586136688e-05,0.0007450551783143781
2025-10-02,purchase_frequency,0,0.19716666494573915,0.13966175939119457,0.08419901643312357,2.166869427724359,5.4690970585276734e-05,0.00012784612328257136
2025-10-02,purchase_frequency,1,0.12647784650014973,0.14557614612729938,0.10071103649216086,3.522364578636986,8.339023968789726e-06,0.00012784612328257136
2025-10-02,purchase_frequency,2-3,0.19221555649632927,0.2514991676465827,0.12241296831114909,4.000660228990629,9.850263965915053e-05,0.00012784612328257136
2025-10-02,purchase_frequency,4-7,0.22664099042820118,0.2780450201571728,0.10004574302936088,3.7551555039729005,5.089258857895688e-07,0.00012784612328257136
2025-10-02,purchase_frequency,8+,0.2574989416295807,0.1852179066777505,0.09417904847987313,2.1987020908089767,1.3257549018925403e-05,0.00012784612328257136
2025-10-02,activity_intensity,1-3,0.15209557343025598,0.13869479976565635,0.1324624025616326,2.781118699597377,7.238949367041377e-07,2.422205350703202e-05
2025-10-02,activity_intensity,4-7,0.21585593771619152,0.24223943200060397,0.1174388519750576,3.4304064410409643,9.879162210792604e-06,2.422205350703202e-05
2025-10-02,activity_intensity,8-15,0.3386682086177166,0.37650488877081173,0.09720559843337319,3.4025076886447714,1.2156725749990852e-06,2.422205350703202e-05
2025-10-02,activity_intensity,16+,0.2933802802358359,0.24256087946292795,0.07286392322899965,2.5321388477938713,1.7782706920017397e-05,2.422205350703202e-05
2025-10-02,tenure_quartile,Q1,0.25000258139126663,0.254608876025753,0.12240371213682211,3.1106386331100486,6.06918177044105e-05,6.753492189447987e-05
2025-10-02,tenure_quartile,Q2,0.24999741860873337,0.2648078999207676,0.09584334486560794,3.2417074184167203,1.8759527769677927e-05,6.753492189447987e-05
2025-10-02,tenure_quartile,Q3,0.25000258139126663,0.24978827727098746,0.10007340642913062,3.0564281356602385,1.1175464733411917e-07,6.753492189447987e-05
2025-10-02,tenure_quartile,Q4,0.24999741860873337,0.23079494678249188,0.08085547467363385,2.826798412156027,9.134710613692787e-06,6.753492189447987e-05
2025-10-02,baseline_prediction_decile,D1,0.10000309766951997,0.04452844032763918,0.101371600640859,1.3562920981986586,1.371420853753179e-06,0.00024095224870863808
2025-10-02,baseline_prediction_decile,D2,0.09999793488698669,0.08408864648383353,0.09672993140403209,2.5714391133812513,2.2585223666165914e-07,0.00024095224870863808
2025-10-02,baseline_prediction_decile,D3,0.10000309766951997,0.11389305992146333,0.11253590720749787,3.4826892927930677,4.518104455309865e-06,0.00024095224870863808
2025-10-02,baseline_prediction_decile,D4,0.09999793488698669,0.12922944668400038,0.0946839335528736,3.957263763405767,1.8551140304971884e-05,0.00024095224870863808
2025-10-02,baseline_prediction_decile,D5,0.09999793488698669,0.1356192994641907,0.08048317919037148,4.155864606822434,5.974527656347391e-05,0.00024095224870863808
2025-10-02,baseline_prediction_decile,D6,0.10000309766951997,0.1332187454627357,0.11409431010495871,4.0754372630206825,2.2063690788296243e-05,0.00024095224870863808
2025-10-02,baseline_prediction_decile,D7,0.09999793488698669,0.12530894943020918,0.11406641618051258,3.832892230134243,3.865434759355548e-05,0.00024095224870863808
2025-10-02,baseline_prediction_decile,D8,0.10000309766951997,0.10463913243548577,0.12646886752577488,3.1953581955761763,8.696416735065889e-05,0.00024095224870863808
2025-10-02,baseline_prediction_decile,D9,0.09999793488698669,0.08101584718086453,0.0956129272135247,2.4773455396852357,1.4569644723753333e-05,0.00024095224870863808
2025-10-02,baseline_prediction_decile,D10,0.09999793488698669,0.048458432609577634,0.061891099177484664,1.4834251945340855,4.872294879391484e-05,0.00024095224870863808
2025-10-02,zero_probability_quintile,Q1,0.20000103255650664,0.13171707398871504,0.09847273370279153,2.011539694428337,5.52354825080656e-06,0.00016627635222069622
2025-10-02,zero_probability_quintile,Q2,0.20000103255650664,0.2495408339586134,0.10694457030158641,3.8178390867679823,1.7352158314046358e-06,0.00016627635222069622
2025-10-02,zero_probability_quintile,Q3,0.20000103255650664,0.2739795590374851,0.0930163835654903,4.195643480721251,1.7728330649722958e-05,0.00016627635222069622
2025-10-02,zero_probability_quintile,Q4,0.20000103255650664,0.22862354567573542,0.11420101691757018,3.4952525206921976,0.00014384518517318403,0.00016627635222069622
2025-10-02,zero_probability_quintile,Q5,0.19999586977397338,0.11613898733945106,0.08633546158416867,1.774778525394596,4.651715596913716e-05,0.00016627635222069622
2025-10-02,recent_channel_mix,no_recent_gmv,0.39685793055024937,0.3848749833206864,0.07822625926569322,2.9702850054393695,0.0006943405233442951,0.0006945623641264156
2025-10-02,recent_channel_mix,search-heavy,0.5530837300071246,0.5645746195825062,0.11352082865442834,3.119949873504015,0.00045188442899163247,0.0006945623641264156
2025-10-02,recent_channel_mix,mixed,0.029009675054467356,0.025691363550953673,0.11595925243328446,2.704566904353305,2.5362859337794324e-06,0.0006945623641264156
2025-10-02,recent_channel_mix,catalog-heavy,0.021048664388158642,0.024859033545853698,0.12347233557737329,3.609412354190928,1.543106825508865e-05,0.0006945623641264156
2025-10-16,recency,0-7,0.337224324776192,0.3009853376582438,0.034249696238888516,2.7069456641342597,3.945763091712221e-05,0.0006301814592263036
2025-10-16,recency,8-30,0.27904184335719606,0.3328621655099955,0.05107628630078467,3.6167893048977637,0.00017723231244450623,0.0006301814592263036
2025-10-16,recency,31-90,0.18875361613950825,0.2292609930274398,0.026648298202937626,3.684617807649034,9.907329080035198e-05,0.0006301814592263036
2025-10-16,recency,>90/never,0.1949802157271037,0.1368915038043208,0.027417723733576184,2.1294817135336284,0.00020169439948291133,0.0006301814592263036
2025-10-16,purchase_frequency,0,0.19640893914752836,0.13849203995617795,0.026940871211053385,2.138737353772315,0.0002129156264807557,0.00036764862638341686
2025-10-16,purchase_frequency,1,0.12541354450068143,0.14354121578506046,0.046394158189342304,3.4705968558115865,1.1635014337469829e-06,0.00036764862638341686
2025-10-16,purchase_frequency,2-3,0.19080043976309535,0.2499554996394196,0.0528302349028641,3.9720940409273346,3.506435253659761e-05,0.00036764862638341686
2025-10-16,purchase_frequency,4-7,0.22632600225961222,0.28058981714161707,0.04600491339702494,3.759536322739468,8.507532098834931e-05,0.00036764862638341686
2025-10-16,purchase_frequency,8+,0.26105107432908264,0.18742142747772483,0.017529535844207845,2.1780795696707633,2.250820972954279e-05,0.00036764862638341686
2025-10-16,activity_intensity,1-3,0.14638842024734142,0.1324402665929431,0.08066617275110557,2.738570235496163,5.074191276650886e-07,9.72630844707907e-05
2025-10-16,activity_intensity,4-7,0.2107063061419908,0.23617532894313079,0.04396208791499454,3.399001667258338,4.670120387581719e-05,9.72630844707907e-05
2025-10-16,activity_intensity,8-15,0.33824773658798557,0.37912100988221503,0.03147140695036955,3.3998339234100445,2.2670322248495648e-07,9.72630844707907e-05
2025-10-16,activity_intensity,16+,0.3046575370226822,0.25226339458171104,0.014643698729243931,2.5121553361984974,5.730095385786938e-05,9.72630844707907e-05
2025-10-16,tenure_quartile,Q1,0.25000126659877697,0.25060475191624626,0.05730669200957001,3.03821960604875,3.882610370808467e-05,4.571254305565517e-05
2025-10-16,tenure_quartile,Q2,0.25000126659877697,0.2664658990906131,0.03456848002425628,3.232809970019013,1.5163883494020314e-05,4.571254305565517e-05
2025-10-16,tenure_quartile,Q3,0.25000126659877697,0.25072872322259937,0.033346085181565455,3.041896298698501,6.472662738001256e-07,4.571254305565517e-05
2025-10-16,tenure_quartile,Q4,0.24999620020366908,0.23220062577054115,0.019490917039291393,2.8178163314512124,5.95061419270664e-06,4.571254305565517e-05
2025-10-16,baseline_prediction_decile,D1,0.1000005066395108,0.043854597798648344,0.040890572792495354,1.3289483785065597,3.819886803406344e-05,0.0004267581695364982
2025-10-16,baseline_prediction_decile,D2,0.1000005066395108,0.08312049363077607,0.03644943022281343,2.5206835309368727,2.2343006788519233e-05,0.0004267581695364982
2025-10-16,baseline_prediction_decile,D3,0.1000005066395108,0.11330140384156975,0.06067734689951485,3.4340686630661903,8.71792328976068e-06,0.0004267581695364982
2025-10-16,baseline_prediction_decile,D4,0.1000005066395108,0.12839983654905546,0.025289204468169516,3.8952220689569845,4.4027376441167094e-05,0.0004267581695364982
2025-10-16,baseline_prediction_decile,D5,0.1000005066395108,0.1364125254107612,0.06918558416972534,4.134193088398795,0.000119693958112187,0.0004267581695364982
2025-10-16,baseline_prediction_decile,D6,0.1000005066395108,0.13617612969834555,0.05031972535807075,4.129275025098945,4.036972131899185e-05,0.0004267581695364982
2025-10-16,baseline_prediction_decile,D7,0.1000005066395108,0.1266812572826909,0.03148379468181801,3.8427258701315568,2.7994736584382387e-06,0.0004267581695364982
2025-10-16,baseline_prediction_decile,D8,0.1000005066395108,0.10535477581685551,0.028694216654585266,3.1958133189195834,1.9254071308694028e-07,0.0004267581695364982
2025-10-16,baseline_prediction_decile,D9,0.1000005066395108,0.07841849321675401,0.040822266456654585,2.3776792307592203,2.1917267964972037e-05,0.0004267581695364982
2025-10-16,baseline_prediction_decile,D10,0.0999954402444029,0.048280486754543106,-0.022033809863212978,1.4644978793908137,0.0002010307978954901,0.0004267581695364982
2025-10-16,zero_probability_quintile,Q1,0.2000010132790216,0.12905389820504196,0.03262495506286409,1.9567890703591215,0.00023370284773461685,0.0003388871902776242
2025-10-16,zero_probability_quintile,Q2,0.2000010132790216,0.24953804726618256,0.06120743130196921,3.7819504448772516,3.033576919072308e-05,0.0003388871902776242
2025-10-16,zero_probability_quintile,Q3,0.2000010132790216,0.2774916427898216,0.04347471949997295,4.207885708915364,1.4782545797222842e-05,0.0003388871902776242
2025-10-16,zero_probability_quintile,Q4,0.2000010132790216,0.22956183325115595,0.033479015537812296,3.481520403235438,4.154034363331037e-05,0.0003388871902776242
2025-10-16,zero_probability_quintile,Q5,0.1999959468839137,0.11435457848779788,0.010103858624205977,1.7347945848956627,4.496408856640041e-05,0.0003388871902776242
2025-10-16,recent_channel_mix,no_recent_gmv,0.3905886644475856,0.3749969576190184,0.027381599383549518,2.9123097807829765,0.00057809800448165,0.0005912873435769381
2025-10-16,recent_channel_mix,search-heavy,0.5580127571828817,0.5712332518420381,0.03977723618754851,3.1044832251650645,0.0003195787317788362,0.0005912873435769381
2025-10-16,recent_channel_mix,mixed,0.030150117287046748,0.02818621049970896,0.049032813949284056,2.8341359392991694,1.8282622190861913e-06,0.0005912873435769381
2025-10-16,recent_channel_mix,catalog-heavy,0.02124846108248598,0.025583580039234475,0.08511842043303544,3.645968630629664,4.467041734917459e-05,0.0005912873435769381
weighted_1_2_4_8,recency,0-7,0.32912423599879326,0.2925532975844288,0.07011531108522444,2.7124603517579504,0.00018837108297043795,0.0006588652935652478
weighted_1_2_4_8,recency,8-30,0.28588713503474306,0.33895227490363217,0.06373429065943023,3.6231864114739767,0.00013664374089668158,0.0006588652935652478
weighted_1_2_4_8,recency,31-90,0.18927285308355066,0.23070164765724016,0.044523177295933254,3.727245412868036,0.00014900819623052657,0.0006588652935652478
weighted_1_2_4_8,recency,>90/never,0.19571577588291308,0.1377927798546988,0.04878990016247117,2.1501172577805865,0.00014374027704280079,0.0006588652935652478
weighted_1_2_4_8,purchase_frequency,0,0.1970908180487643,0.13939609359963953,0.04870239771905227,2.159922401902928,0.00014840772910607516,0.0002732608622368717
weighted_1_2_4_8,purchase_frequency,1,0.12635840811582477,0.144925231748058,0.06219140179643137,3.50467656227976,5.213037331447292e-06,0.0002732608622368717
weighted_1_2_4_8,purchase_frequency,2-3,0.19181804520343987,0.25088141809386105,0.0673813389667321,3.9962857465799337,6.240893054103671e-05,0.0002732608622368717
weighted_1_2_4_8,purchase_frequency,4-7,0.22667733223397654,0.27956698793457574,0.06547616992358113,3.768634994425313,5.512018225741218e-05,0.0002732608622368717
weighted_1_2_4_8,purchase_frequency,8+,0.25805539639799446,0.18523026862386566,0.05394724571516734,2.1913090249889158,1.6804702942001875e-05,0.0002732608622368717
weighted_1_2_4_8,activity_intensity,1-3,0.15023160987883052,0.1365051896698906,0.10233818164938754,2.768253022769277,4.5801826457944484e-05,0.00014800093009113315
weighted_1_2_4_8,activity_intensity,4-7,0.21336649080247258,0.2387881165761776,0.07007034935402584,3.418168407115014,2.878148910535778e-05,0.00014800093009113315
weighted_1_2_4_8,activity_intensity,8-15,0.3388871850532485,0.37859256262879687,0.054062274396006665,3.4142616250576583,6.130601995262614e-06,0.00014800093009113315
weighted_1_2_4_8,activity_intensity,16+,0.2975147142654484,0.24611413112513497,0.034792324682154104,2.5287644219081424,5.7447791531506694e-05,0.00014800093009113315
weighted_1_2_4_8,tenure_quartile,Q1,0.25000206419981685,0.2521943191572146,0.07993995294162166,3.0789125815122618,9.851669651368359e-05,0.00010895882662787059
weighted_1_2_4_8,tenure_quartile,Q2,0.24999963583333829,0.2658320304999316,0.05509020554648642,3.2496436691319968,1.921209541962651e-05,0.00010895882662787059
weighted_1_2_4_8,tenure_quartile,Q3,0.2500013662108974,0.2504579395745067,0.055937345805471606,3.0614338751650063,1.888268751858082e-05,0.00010895882662787059
weighted_1_2_4_8,tenure_quartile,Q4,0.24999693375594742,0.23151571076834715,0.04515738597554727,2.829897704970504,6.756855146634234e-06,0.00010895882662787059
weighted_1_2_4_8,baseline_prediction_decile,D1,0.10000151597451419,0.044172159802640006,0.06351475505627652,1.3452292209169536,2.936175126493372e-05,0.00037245140275586814
weighted_1_2_4_8,baseline_prediction_decile,D2,0.09999944124358588,0.0836224903756143,0.058246768588271124,2.5537895150612075,1.9680257014768264e-05,0.00037245140275586814
weighted_1_2_4_8,baseline_prediction_decile,D3,0.10000151597451419,0.1133459784227414,0.07463974018416025,3.4613593913201184,7.360206847809769e-06,0.00037245140275586814
weighted_1_2_4_8,baseline_prediction_decile,D4,0.09999944124358588,0.1285082726345522,0.04426260048913946,3.929432586128597,4.3771956598021815e-05,0.00037245140275586814
weighted_1_2_4_8,baseline_prediction_decile,D5,0.09999978559695503,0.13606311349264305,0.06441187522674421,4.158273468716178,9.21808313321278e-05,0.00037245140275586814
weighted_1_2_4_8,baseline_prediction_decile,D6,0.10000081798559475,0.13526903588465114,0.06257412791901985,4.133876254772951,4.4309513940778334e-05,0.00037245140275586814
weighted_1_2_4_8,baseline_prediction_decile,D7,0.10000013923250532,0.12592648177247734,0.061931467664087074,3.847969406714537,1.397477267765189e-05,0.00037245140275586814
weighted_1_2_4_8,baseline_prediction_decile,D8,0.10000081798559475,0.10538042900003984,0.06613375860737344,3.2175125500821578,2.7503536153077136e-05,0.00037245140275586814
weighted_1_2_4_8,baseline_prediction_decile,D9,0.10000013923250532,0.07962390099202936,0.07046689048037774,2.4299543200177927,2.1292127369058225e-05,0.00037245140275586814
weighted_1_2_4_8,baseline_prediction_decile,D10,0.09999638553064473,0.04808813762261128,0.024128715149227993,1.4681165997293992,0.00012777794239951553,0.00037245140275586814
weighted_1_2_4_8,zero_probability_quintile,Q1,0.20000095721810007,0.1303610226660189,0.05760250911084694,1.989145633967292,0.0001565794562831752,0.00026896478457844367
weighted_1_2_4_8,zero_probability_quintile,Q2,0.20000095721810007,0.248911214031538,0.0709335687567025,3.8021482860260263,1.8971549797435902e-05,0.00026896478457844367
weighted_1_2_4_8,zero_probability_quintile,Q3,0.2000006035825498,0.27584425593643164,0.05482529285320515,4.216209666244345,3.535751970161231e-05,0.00026896478457844367
weighted_1_2_4_8,zero_probability_quintile,Q4,0.20000095721810007,0.22964702896202785,0.0629890812284933,3.5082558005675555,6.194325746700929e-05,0.00026896478457844367
weighted_1_2_4_8,zero_probability_quintile,Q5,0.19999652476315005,0.11523647840398352,0.04880572511623014,1.7584372633931418,3.959338559932594e-05,0.00026896478457844367
weighted_1_2_4_8,recent_channel_mix,no_recent_gmv,0.3919409429867025,0.3773610165286035,0.04634070220618676,2.9427913778207375,0.0005178781686252036,0.0005263559635496563
weighted_1_2_4_8,recent_channel_mix,search-heavy,0.5573645425089827,0.570222967692952,0.06612810530460497,3.124506774464255,0.0003118107302332416,0.0005263559635496563
weighted_1_2_4_8,recent_channel_mix,mixed,0.02963978776185324,0.027249040787677172,0.07328507625408527,2.805681672628096,1.7924899965945567e-06,0.0005263559635496563
weighted_1_2_4_8,recent_channel_mix,catalog-heavy,0.021054726742461685,0.025166974990767425,0.08820478336555619,3.6494766922807904,2.8159725061149574e-05,0.0005263559635496563
