model,feature,gain,split,gain_share,task
p56_early,w180_days_cat,4489.54587726593,179.0,0.0806812742873899,p56_early
p56_early,w180_ponly_share,3921.7746505737305,131.6,0.07047790242628356,p56_early
p56_early,w180_days_presence_only,3579.2809623718263,139.8,0.06432297541251938,p56_early
p56_early,rec_cat,2570.9746210098265,108.0,0.04620278180784149,p56_early
p56_early,w90_days_cat,1975.7406398773194,79.6,0.03550587895623884,p56_early
p56_early,weekend_share,1931.2217189788819,78.2,0.03470583294575619,p56_early
p56_early,w90_buyday_rate,1868.924174118042,39.0,0.03358628868855187,p56_early
p56_early,w90_ponly_share,1840.4013381958007,79.6,0.03307370705748989,p56_early
p56_early,w90_days_presence_only,1706.4851861953734,67.4,0.03066711046923137,p56_early
p56_early,w7_days_present,1525.6948236465455,14.6,0.027418141146257985,p56_early
p56_early,gap_cv,1521.606920814514,74.0,0.027344677767406806,p56_early
p56_early,trend_pres_30_90,1470.2915378570556,38.8,0.026422493074180223,p56_early
p56_early,trend_srch_30_90,1172.9434152603149,22.0,0.02107887345341851,p56_early
p56_early,trend_srch_60_180,1122.2117792129516,41.4,0.020167179229797393,p56_early
p56_early,trend_pres_14_30,1036.4113636016846,42.4,0.01862526673905782,p56_early
p56_early,w30_srch_per_day,924.3462381362915,39.6,0.016611353222434996,p56_early
p56_early,w60_srch_per_day,876.3733409881592,39.2,0.0157492360776323,p56_early
p56_early,w30_srch2cart,779.1337409973145,44.4,0.014001750908099929,p56_early
p56_early,trend_pres_60_180,656.7644815444946,39.6,0.01180266261361296,p56_early
p56_early,trend_pres_30_60,605.685281944275,30.2,0.01088472235284089,p56_early
p56_early,buygap_cv,578.9740398406982,30.8,0.010404696731178689,p56_early
p56_early,w90_cart2ord,564.9833980560303,26.2,0.010153272012923481,p56_early
p56_early,w60_buyday_rate,528.5295791625977,12.6,0.00949816331343181,p56_early
p56_early,w14_orders,510.80188236236575,10.6,0.009179580274718277,p56_early
p56_early,rec_buy,509.00991859436033,20.4,0.009147377035408124,p56_early
p56_early,w14_searches,485.8827587127686,20.8,0.008731760672215651,p56_early
p56_early,trend_pres_7_30,451.16046009063723,20.8,0.008107768986729885,p56_early
p56_early,rec_over_gap,370.7606605529785,15.2,0.006662910540801864,p56_early
p56_early,w7_lgmv_mean,366.8667587280273,16.8,0.0065929335387228975,p56_early
p56_early,w7_searches,365.3401998519897,15.0,0.00656549986975938,p56_early
p56_early,w180_lgmv_mean,355.11256103515626,22.2,0.006381699780562871,p56_early
p56_early,w60_cart2ord,334.8763202667236,15.6,0.006018035896371123,p56_early
p56_early,gap_max,324.41431922912597,18.6,0.005830024102219816,p56_early
p56_early,w14_srch_per_day,318.3061594009399,14.0,0.005720254844490521,p56_early
p56_early,w90_gmv_per_day,295.08354034423826,13.4,0.0053029229920033985,p56_early
p56_early,trend_gmv_60_180,285.39874477386473,16.6,0.0051288782959045464,p56_early
p56_early,w90_srch_per_day,274.4556694030762,14.2,0.004932221152916212,p56_early
p56_early,w60_orders,273.5857608795166,7.6,0.00491658809556187,p56_early
p56_early,w180_cat_gmv_share,270.7903196334839,15.8,0.004866351441768547,p56_early
p56_early,dlog_buyd_60_180,263.38404121398924,17.0,0.004733253797385877,p56_early
p56_early,w14_lgmv_std,258.2183410644531,12.0,0.00464042140808753,p56_early
p56_early,trend_srch_30_60,251.66661643981934,13.4,0.004522680882442778,p56_early
p56_early,w180_carts,250.8804620742798,14.0,0.004508552964445657,p56_early
p56_early,w14_days_present,247.0624786376953,11.0,0.004439940285726495,p56_early
p56_early,w7_presence_rate,245.7090196609497,2.8,0.004415617381378307,p56_early
p56_early,w60_days_presence_only,236.0671998977661,12.4,0.004242345000115387,p56_early
p56_early,w180_gmv_cat,231.06278171539307,13.8,0.004152410996307696,p56_early
p56_early,buygap_std,216.99312076568603,15.2,0.0038995662308800643,p56_early
p56_early,trend_srch_14_30,216.42766036987305,10.2,0.0038894043867781333,p56_early
p56_early,w30_lgmv_mean,214.46863861083983,13.6,0.003854198961508757,p56_early
p56_early,w180_srch2cart,211.76259956359863,13.2,0.003805568947567166,p56_early
p56_early,w180_aov,205.27045917510986,13.4,0.0036888992055230355,p56_early
p56_early,w30_aov,205.2417392730713,13.2,0.003688383082432365,p56_early
p56_early,w30_lgmv_std,204.32138595581054,13.4,0.0036718434856755446,p56_early
p56_early,w14_days_cat,203.8579402923584,10.0,0.0036635149402697333,p56_early
p56_early,dlog_buyd_30_60,200.07376079559327,11.2,0.0035955097494825626,p56_early
p56_early,w7_srch_per_day,193.9252601623535,9.4,0.003485015530332561,p56_early
p56_early,w180_lgmv_std,192.82308101654053,12.8,0.0034652083559750216,p56_early
p56_early,w7_gmv_max,186.36645011901857,9.0,0.0033491767521878157,p56_early
p56_early,dlog_gmv_30_60,180.19162101745604,10.8,0.003238209386213528,p56_early
p56_early,w30_searches,174.6626802444458,8.6,0.003138849228366643,p56_early
p56_early,w14_lgmv_mean,169.25593967437743,10.4,0.0030416851207130426,p56_early
p56_early,w90_cat_gmv_share,162.98920021057128,8.2,0.0029290660408797693,p56_early
p56_early,w14_srch2cart,162.20764045715333,11.6,0.0029150206922941126,p56_early
p56_early,w90_orders,159.52905902862548,7.2,0.0028668841170492745,p56_early
p56_early,trend_srch_7_14,158.16224002838135,10.2,0.0028423211207742327,p56_early
p56_early,dlog_gmv_60_180,157.76651840209962,9.4,0.002835209638690229,p56_early
p56_early,rec_over_buygap,151.36079502105713,10.4,0.0027200928898599946,p56_early
p56_early,w60_lgmv_std,149.17671451568603,9.2,0.0026808429516397623,p56_early
p56_early,w180_days_present,149.15370082855225,9.0,0.0026804293744863567,p56_early
p56_early,w60_days_cat,141.62477989196776,8.4,0.0025451277311177916,p56_early
p56_early,dlog_gmv_14_30,126.20720024108887,7.8,0.0022680596251966278,p56_early
p56_early,dlog_buyd_30_90,125.7985595703125,7.4,0.0022607159759846125,p56_early
p56_early,buygap_mean,125.16304016113281,7.8,0.002249295106888112,p56_early
p56_early,w180_srch_per_day,122.37200031280517,8.2,0.0021991375502652378,p56_early
p56_early,trend_gmv_30_60,120.44797954559326,8.0,0.0021645611250548126,p56_early
p56_early,w60_aov,119.8110803604126,7.8,0.002153115460112801,p56_early
p56_early,w7_srch2cart,116.27243938446045,7.8,0.002089522822685681,p56_early
p56_early,w180_searches,111.09381980895996,7.2,0.001996458259403961,p56_early
p56_early,rec_cart,110.7337797164917,7.2,0.0019899880073452874,p56_early
p56_early,w90_lgmv_mean,109.94536037445069,7.6,0.0019758193856343914,p56_early
p56_early,w180_cart2ord,109.80771770477295,7.4,0.0019733458200913477,p56_early
p56_early,w180_orders,109.0081392288208,6.4,0.001958976658466503,p56_early
p56_early,dlog_gmv_30_90,105.10516014099122,6.6,0.0018888365296134502,p56_early
p56_early,w60_ponly_share,104.63155975341797,7.6,0.0018803254944626789,p56_early
p56_early,w180_buyday_rate,104.06792011260987,5.6,0.0018701963710051014,p56_early
p56_early,w7_days_search,103.81011943817138,4.6,0.0018655634554509536,p56_early
p56_early,rec_search,103.57562007904053,6.0,0.0018613492859934015,p56_early
p56_early,w60_carts,103.03189907073974,5.2,0.001851578118707046,p56_early
p56_early,w14_cart2ord,101.77113342285156,6.8,0.0018289209988490056,p56_early
p56_early,w30_cart2ord,99.82569980621338,6.0,0.0017939597650131504,p56_early
p56_early,w90_gmv_max,99.62654037475586,6.0,0.0017903806866039706,p56_early
p56_early,trend_srch_7_30,99.37901954650879,6.4,0.0017859325093536236,p56_early
p56_early,w14_gmv_max,99.21039981842041,6.2,0.0017829022575410619,p56_early
p56_early,w90_carts,89.06894035339356,5.4,0.0016006508906677233,p56_early
p56_early,w180_days_cart,85.86953983306884,4.8,0.0015431547166687765,p56_early
p56_early,w30_carts,84.9183738708496,5.8,0.001526061388303598,p56_early
p56_early,w60_searches,84.20075950622558,5.4,0.0015131651972482877,p56_early
p56_early,w14_days_buy,83.13604049682617,1.8,0.0014940312160428956,p56_early
p56_early,gap_std,82.90787982940674,5.4,0.0014899309587133344,p56_early
p56_early,w90_gmv_cat,81.45456066131592,5.0,0.0014638134747554106,p56_early
p56_early,w90_srch2cart,80.0672737121582,5.4,0.001438882650587405,p56_early
p56_early,trend_pres_7_14,79.63090019226074,5.0,0.0014310406165347223,p56_early
p56_early,w7_cart2ord,78.13662052154541,4.6,0.0014041870346200023,p56_early
p56_early,w60_gmv_per_day,78.03974056243896,4.4,0.001402446012528392,p56_early
p56_early,w60_days_cart,74.09278011322021,4.2,0.0013315154981043303,p56_early
p56_early,dlog_buyd_14_30,73.28878040313721,4.6,0.0013170668828301965,p56_early
p56_early,w90_lgmv_std,72.42514057159424,5.0,0.0013015464796448599,p56_early
p56_early,w90_days_present,71.93916034698486,4.8,0.001292812967420716,p56_early
p56_early,trend_gmv_14_30,66.3603593826294,4.4,0.0011925567760141084,p56_early
p56_early,trend_gmv_30_90,66.35518074035645,4.8,0.0011924637110429326,p56_early
p56_early,w14_ponly_share,66.12183990478516,4.4,0.0011882703613207465,p56_early
p56_early,w60_gmv_max,66.07325992584228,4.4,0.0011873973343569696,p56_early
p56_early,rec_any,64.33002033233643,3.4,0.0011560697133375503,p56_early
p56_early,w30_ponly_share,64.29862003326416,4.4,0.001155505421043538,p56_early
p56_early,w60_lgmv_mean,63.464599800109866,4.4,0.0011405173093209035,p56_early
p56_early,w30_gmv_max,63.23513965606689,4.6,0.001136393699199599,p56_early
p56_early,w60_gmv,61.99133987426758,3.6,0.0011140414715807426,p56_early
p56_early,w90_aov,57.045839881896974,3.4,0.0010251662819110632,p56_early
p56_early,w180_days_buy,56.632640266418456,3.4,0.0010177407042639608,p56_early
p56_early,w90_days_search,56.10714111328125,3.8,0.0010082970004972284,p56_early
p56_early,w180_days_search,54.337160682678224,3.4,0.0009764888220068549,p56_early
p56_early,w180_gmv_max,53.8625602722168,3.8,0.0009679598155237615,p56_early
p56_early,w60_days_present,51.447919845581055,3.4,0.000924566503172656,p56_early
p56_early,w7_aov,50.98120040893555,3.6,0.0009161791250474137,p56_early
p56_early,w30_days_present,50.28368072509765,3.0,0.0009036440539130364,p56_early
p56_early,w14_aov,50.23253974914551,3.4,0.0009027250034743242,p56_early
p56_early,w180_gmv,49.79609985351563,3.6,0.0008948817765885978,p56_early
p56_early,w30_days_cat,49.435119819641116,3.0,0.0008883946329171677,p56_early
p56_early,w30_orders,49.413679885864255,2.4,0.0008880093375610129,p56_early
p56_early,w180_gmv_per_day,48.903099632263185,3.2,0.0008788337401592553,p56_early
p56_early,w60_srch2cart,48.88162040710449,3.0,0.0008784477387007816,p56_early
p56_early,gap_mean,47.302060508728026,3.0,0.000850061592551879,p56_early
p56_early,w7_ponly_share,47.26303005218506,3.2,0.0008493601793007413,p56_early
p56_early,dlog_gmv_7_30,45.99997978210449,2.8,0.0008266620026777661,p56_early
p56_early,w14_days_search,45.23003997802734,2.8,0.0008128254752837399,p56_early
p56_early,w14_gmv,40.93262004852295,2.2,0.0007355968812256727,p56_early
p56_early,w90_searches,40.75228023529053,2.8,0.0007323560086888711,p56_early
p56_early,w30_buyday_rate,39.078960227966306,2.6,0.0007022849070290927,p56_early
p56_early,dlog_gmv_7_14,38.86473960876465,2.6,0.000698435165204793,p56_early
p56_early,w90_gmv,37.22021999359131,2.4,0.0006688816331171345,p56_early
p56_early,w7_days_cat,36.93728065490723,1.6,0.0006637969526137771,p56_early
p56_early,w30_days_cart,36.0679594039917,2.0,0.0006481744490897267,p56_early
p56_early,w60_days_search,35.81200008392334,2.8,0.0006435746243694979,p56_early
p56_early,w90_days_buy,34.63896007537842,2.0,0.0006224940150457926,p56_early
p56_early,w90_days_cart,34.47154006958008,2.2,0.0006194853233477275,p56_early
p56_early,w7_lgmv_std,34.37140045166016,2.0,0.0006176857221850924,p56_early
p56_early,w30_gmv_per_day,34.00920009613037,2.4,0.0006111766482096004,p56_early
p56_early,w14_presence_rate,29.7764799118042,1.2,0.000535110768160868,p56_early
p56_early,w180_presence_rate,28.76982002258301,1.8,0.0005170201628175433,p56_early
p56_early,w14_buyday_rate,28.30050048828125,2.0,0.0005085860585427275,p56_early
p56_early,w7_buyday_rate,27.845519828796387,2.0,0.0005004096370544788,p56_early
p56_early,w7_gmv_cat,25.713459968566895,1.8,0.00046209455773846877,p56_early
p56_early,w60_days_buy,24.92245979309082,1.2,0.00044787955607379626,p56_early
p56_early,w60_cat_gmv_share,24.857119369506837,1.6,0.00044670532848344497,p56_early
p56_early,w14_carts,24.143599891662596,1.6,0.0004338827263149592,p56_early
p56_early,w90_lgmv,19.89899959564209,1.0,0.0003576033497174936,p56_early
p56_early,w7_orders,19.769279861450194,1.2,0.0003552721666221563,p56_early
p56_early,w30_days_search,19.753239822387695,1.4,0.00035498391234732303,p56_early
p56_early,dlog_buyd_7_30,19.7383602142334,1.4,0.0003547165120846674,p56_early
p56_early,trend_gmv_7_30,19.510180282592774,1.2,0.0003506159085593089,p56_early
p56_early,w14_gmv_per_day,18.326500129699706,1.2,0.0003293440860420917,p56_early
p56_early,w90_presence_rate,16.986199951171876,1.2,0.00030525765741713345,p56_early
p56_early,w14_days_cart,16.786459922790527,1.0,0.00030166814514650246,p56_early
p56_early,w60_presence_rate,16.76826000213623,1.0,0.0003013410758102131,p56_early
p56_early,w14_lgmv,16.44155979156494,0.8,0.0002954699721352681,p56_early
p56_early,w30_gmv,16.06761989593506,1.0,0.00028874992781205796,p56_early
p56_early,w7_gmv,14.644059944152833,1.0,0.0002631672443794453,p56_early
p56_early,w180_lgmv,14.352359962463378,1.0,0.0002579251270527268,p56_early
p56_early,w30_presence_rate,12.989660263061523,0.6,0.00023343615840769775,p56_early
p56_early,trend_gmv_7_14,12.526919937133789,0.8,0.00022512028856681577,p56_early
p56_early,w60_gmv_cat,12.270339965820312,0.8,0.00022050931017209225,p56_early
p56_early,w30_days_buy,8.917219924926759,0.6,0.00016025065481280496,p56_early
p56_early,w7_days_buy,8.66166000366211,0.4,0.00015565800765692523,p56_early
p56_early,w14_days_presence_only,8.324980163574219,0.6,0.00014960756084832552,p56_early
p56_early,dlog_buyd_7_14,8.256859970092773,0.6,0.000148383378232748,p56_early
p56_early,w30_cat_gmv_share,8.034239959716796,0.6,0.00014438269161320423,p56_early
p56_early,w30_days_presence_only,7.268679809570313,0.4,0.00013062487063397442,p56_early
p56_early,w60_lgmv,7.170740127563477,0.4,0.00012886480434583898,p56_early
p56_early,w7_days_cart,7.127000045776367,0.4,0.00012807875479149791,p56_early
p56_early,w7_carts,7.080119895935058,0.4,0.0001272362753222194,p56_early
p56_early,w30_gmv_cat,6.544219970703125,0.4,0.00011760566010183097,p56_early
p56_early,w7_gmv_per_day,6.2488397598266605,0.4,0.00011229740566712982,p56_early
p56_early,w7_cat_gmv_share,6.0878801345825195,0.4,0.00010940481295763589,p56_early
p56_early,w7_days_presence_only,4.876599884033203,0.4,8.763699126583873e-05,p56_early
p56_early,w30_lgmv,4.757040023803711,0.4,8.548839046285238e-05,p56_early
p56_early,w14_cat_gmv_share,2.575979995727539,0.2,4.629273300147021e-05,p56_early
p56_early,w7_lgmv,2.1350799560546876,0.2,3.8369353219497804e-05,p56_early
p56_early,w14_gmv_cat,0.0,0.0,0.0,p56_early
p56_early,w14_gmv30eq,0.0,0.0,0.0,p56_early
p56_early,w180_gmv30eq,0.0,0.0,0.0,p56_early
p56_early,w30_gmv30eq,0.0,0.0,0.0,p56_early
p56_early,w60_gmv30eq,0.0,0.0,0.0,p56_early
p56_early,w7_gmv30eq,0.0,0.0,0.0,p56_early
p56_early,w90_gmv30eq,0.0,0.0,0.0,p56_early
