model,fold,bin,n,mean_pred,positive_rate,abs_error,p_min,p_max
R0,OOF,1,77062,0.10570975937509636,0.23604370506864603,0.13033394569354967,9.999999974752427e-07,0.15037989616394043
R0,OOF,2,77062,0.19145825688064752,0.21310113934234773,0.021642882461700208,0.15037989616394043,0.2994500398635864
R0,OOF,3,77062,0.38507323219704315,0.41321273779554124,0.028139505598498094,0.2994500398635864,0.45663484930992126
R0,OOF,4,77062,0.5139042135336852,0.47470867613090756,0.03919553740277765,0.45663484930992126,0.5681368708610535
R0,OOF,5,77062,0.6173996286565963,0.5868910747190574,0.030508553937538818,0.5681368708610535,0.6606512069702148
R0,OOF,6,77062,0.6989499665020392,0.6732241571721471,0.025725809329892102,0.6606512069702148,0.7367744445800781
R0,OOF,7,77061,0.7755422960591739,0.7637326273990734,0.01180966866010047,0.7367744445800781,0.8157706260681152
R0,OOF,8,77061,0.8501478127723426,0.8432410687637066,0.006906744008636001,0.8157706260681152,0.8829749226570129
R0,OOF,9,77061,0.9133656873472012,0.9132894719767457,7.621537045554572e-05,0.8829749226570129,0.9423996210098267
R0,OOF,10,77061,0.9694192775260081,0.9728526751534499,0.00343339762744177,0.9423996210098267,0.9999989867210388
R0,2025-09-04,1,18852,0.10105692395639061,0.23944409081264587,0.13838716685625524,9.999999974752427e-07,0.1513403356075287
R0,2025-09-04,2,18852,0.18062029611544575,0.20040314025037131,0.019782844134925565,0.1513403356075287,0.28446274995803833
R0,2025-09-04,3,18852,0.3766418215122138,0.4067472947167409,0.03010547320452711,0.28446274995803833,0.4570561349391937
R0,2025-09-04,4,18852,0.5195780868837465,0.46668788457458094,0.05289020230916558,0.4570561349391937,0.5741670727729797
R0,2025-09-04,5,18852,0.6226095837846622,0.5750583492467642,0.047551234537898,0.5741670727729797,0.665416955947876
R0,2025-09-04,6,18852,0.7026038526122848,0.6597708465945258,0.04283300601775897,0.665416955947876,0.738847553730011
R0,2025-09-04,7,18852,0.7766304218968894,0.7528644175684277,0.023766004328461654,0.738847553730011,0.8157706260681152
R0,2025-09-04,8,18852,0.8493300173158937,0.8282940802036919,0.021035937112201863,0.8157706260681152,0.8825194835662842
R0,2025-09-04,9,18851,0.9122090616198878,0.9057874913797677,0.0064215702401201336,0.8825194835662842,0.9413996934890747
R0,2025-09-04,10,18851,0.9684534248486925,0.9667922126147154,0.001661212233977083,0.9413996934890747,0.9999989867210388
R0,2025-09-18,1,19103,0.10506639978312554,0.24137570015180862,0.13630930036868308,9.999999974752427e-07,0.15141436457633972
R0,2025-09-18,2,19103,0.18901265434839273,0.21305554101450033,0.0240428866661076,0.15141436457633972,0.2956663966178894
R0,2025-09-18,3,19103,0.3838939192325902,0.4172643040360153,0.03337038480342508,0.2957667112350464,0.45947951078414917
R0,2025-09-18,4,19103,0.5165310750698809,0.4766790556457101,0.039852019424170826,0.45947951078414917,0.5685258507728577
R0,2025-09-18,5,19103,0.6186075754854085,0.5901167355912684,0.02849083989414003,0.5685258507728577,0.6619731187820435
R0,2025-09-18,6,19102,0.6981451525549379,0.674379646110355,0.023765506444582973,0.6619731187820435,0.7343236804008484
R0,2025-09-18,7,19102,0.773100411033221,0.7649460789446131,0.00815433208860794,0.7343236804008484,0.8119756579399109
R0,2025-09-18,8,19102,0.8480883468952295,0.840173803790179,0.007914543105050464,0.8119756579399109,0.8818594217300415
R0,2025-09-18,9,19102,0.912239516324965,0.9126793005967961,0.0004397842718311118,0.8818594217300415,0.9414646625518799
R0,2025-09-18,10,19102,0.9691706691196659,0.9729871217673542,0.003816452647688373,0.9414646625518799,0.9999989867210388
R0,2025-10-02,1,19370,0.10864557722980002,0.23567372225090347,0.12702814502110343,9.999999974752427e-07,0.15037989616394043
R0,2025-10-02,2,19370,0.19795200979211125,0.2174496644295302,0.019497654637418954,0.15037989616394043,0.3102918863296509
R0,2025-10-02,3,19370,0.39082039918213946,0.4162622612287042,0.025441862046564734,0.3102918863296509,0.4577607810497284
R0,2025-10-02,4,19370,0.5127070388845641,0.47614868353123385,0.036558355353330296,0.4577607810497284,0.5667828917503357
R0,2025-10-02,5,19369,0.6162576170826594,0.5897051990293768,0.026552418053282567,0.5668100118637085,0.6594148874282837
R0,2025-10-02,6,19369,0.6978147691162377,0.6796427280706283,0.018172041045609433,0.6594148874282837,0.7362385392189026
R0,2025-10-02,7,19369,0.7751873321621584,0.7675151014507718,0.007672230711386563,0.7362385392189026,0.8145119547843933
R0,2025-10-02,8,19369,0.8503229946115007,0.8522381124477257,0.0019151178362249999,0.8145119547843933,0.8830097317695618
R0,2025-10-02,9,19369,0.9134774474072539,0.9165160823997108,0.0030386349924569345,0.8830097317695618,0.9424406290054321
R0,2025-10-02,10,19369,0.9693962077676213,0.9731013475140688,0.0037051397464475944,0.9424406290054321,0.9974616169929504
R0,2025-10-16,1,19738,0.10957452116980786,0.23193839294761373,0.12236387177780587,9.999999974752427e-07,0.1489458978176117
R0,2025-10-16,2,19738,0.19722900692060588,0.2179045495997568,0.02067554267915092,0.1489458978176117,0.3118197023868561
R0,2025-10-16,3,19738,0.38768637972117703,0.41143986219475126,0.023753482473574228,0.3118197023868561,0.452122300863266
R0,2025-10-16,4,19738,0.5073115492917349,0.4779106292430844,0.029400920048650525,0.452122300863266,0.562640905380249
R0,2025-10-16,5,19738,0.6123744655022664,0.5912453136082683,0.02112915189399811,0.562640905380249,0.6561247110366821
R0,2025-10-16,6,19738,0.6971424191130223,0.6822373087445537,0.014905110368468644,0.6561247110366821,0.7369832992553711
R0,2025-10-16,7,19738,0.777282775444926,0.768720235079542,0.008562540365383953,0.7369832992553711,0.8172581195831299
R0,2025-10-16,8,19738,0.8527064358485072,0.8508967473908198,0.001809688457687475,0.8173046708106995,0.8860400319099426
R0,2025-10-16,9,19738,0.91545650210167,0.9202553450197588,0.0047988429180888525,0.8860400319099426,0.9443848729133606
R0,2025-10-16,10,19737,0.9705478808628231,0.9760855246491361,0.005537643786313051,0.9443848729133606,0.9975595474243164
R1_RAW,OOF,1,77062,0.14246836304664612,0.12103241545768342,0.021435947588962695,0.13131427764892578,0.15626583993434906
R1_RAW,OOF,2,77062,0.27210676670074463,0.250266019568659,0.021840747132085614,0.15626583993434906,0.342195063829422
R1_RAW,OOF,3,77062,0.39609938859939575,0.3811087176559134,0.014990670943482332,0.3421963155269623,0.4497990608215332
R1_RAW,OOF,4,77062,0.5021927356719971,0.48397394305883573,0.01821879261316134,0.4497997462749481,0.5551971793174744
R1_RAW,OOF,5,77062,0.6075291037559509,0.5910305987386779,0.016498505017273013,0.5551971793174744,0.6600538492202759
R1_RAW,OOF,6,77062,0.710854172706604,0.6869274090991669,0.023926763607437063,0.6600539088249207,0.7592799663543701
R1_RAW,OOF,7,77061,0.8027587532997131,0.7846511205408703,0.018107632758842862,0.7592802047729492,0.8436443209648132
R1_RAW,OOF,8,77061,0.8786872029304504,0.8677151866703001,0.010972016260150319,0.8436445593833923,0.9113259315490723
R1_RAW,OOF,9,77061,0.939889132976532,0.9372834507727644,0.0026056822037675564,0.9113271236419678,0.9661719799041748
R1_RAW,OOF,10,77061,0.9852296113967896,0.9863095469822608,0.001079935585471259,0.9661727547645569,0.9985179901123047
R1_RAW,2025-09-04,1,18852,0.15626582503318787,0.12094207511139402,0.03532374992179385,0.15626583993434906,0.15626583993434906
R1_RAW,2025-09-04,2,18852,0.2811155617237091,0.2442181200933588,0.0368974416303503,0.15626583993434906,0.3549957275390625
R1_RAW,2025-09-04,3,18852,0.4098188281059265,0.3692446424782516,0.0405741856276749,0.3549957275390625,0.4654707610607147
R1_RAW,2025-09-04,4,18852,0.5165298581123352,0.47246976448122213,0.04406009363111307,0.46547791361808777,0.5668968558311462
R1_RAW,2025-09-04,5,18852,0.6165414452552795,0.5784001697432634,0.03814127551201618,0.5668985247612,0.6666474938392639
R1_RAW,2025-09-04,6,18852,0.7152049541473389,0.672607680882665,0.042597273264673885,0.6666536331176758,0.7615906596183777
R1_RAW,2025-09-04,7,18852,0.8032063245773315,0.7718544451517081,0.03135187942562345,0.7615971565246582,0.8426969647407532
R1_RAW,2025-09-04,8,18852,0.8771710991859436,0.8569382558879695,0.020232843297974146,0.8427023887634277,0.9094927906990051
R1_RAW,2025-09-04,9,18851,0.9379691481590271,0.930030237122699,0.007938911036328045,0.9094975590705872,0.9641737937927246
R1_RAW,2025-09-04,10,18851,0.9836876392364502,0.9851466765688823,0.0014590373324321337,0.9641788005828857,0.9982588291168213
R1_RAW,2025-09-18,1,19103,0.14932408928871155,0.12354080510914515,0.025783284179566393,0.14932410418987274,0.14932410418987274
R1_RAW,2025-09-18,2,19103,0.2816252112388611,0.25540491022352513,0.026220301015335956,0.14932410418987274,0.35137781500816345
R1_RAW,2025-09-18,3,19103,0.4070069193840027,0.38360466942365073,0.02340224996035195,0.3513789474964142,0.46177956461906433
R1_RAW,2025-09-18,4,19103,0.5122613310813904,0.48406009527299376,0.02820123580839662,0.46178075671195984,0.5632469654083252
R1_RAW,2025-09-18,5,19103,0.615295946598053,0.5900643877924934,0.025231558805559606,0.5632471442222595,0.6678888201713562
R1_RAW,2025-09-18,6,19102,0.7171347737312317,0.6889854465500994,0.028149327181132278,0.6678895354270935,0.7636130452156067
R1_RAW,2025-09-18,7,19102,0.8053105473518372,0.7841587268348864,0.021151820516950748,0.7636216282844543,0.845221757888794
R1_RAW,2025-09-18,8,19102,0.8795156478881836,0.8661396712386138,0.013375976649569798,0.8452227711677551,0.911260187625885
R1_RAW,2025-09-18,9,19102,0.9393875002861023,0.9410009423097058,0.001613442023603473,0.9112617373466492,0.9655386805534363
R1_RAW,2025-09-18,10,19102,0.9845819473266602,0.9867029630405193,0.0021210157138591423,0.9655394554138184,0.9984049797058105
R1_RAW,2025-10-02,1,19370,0.1360347718000412,0.12157976251935984,0.014455009280681358,0.1360347867012024,0.1360347867012024
R1_RAW,2025-10-02,2,19370,0.26399508118629456,0.24651522973670625,0.0174798514495883,0.1360347867012024,0.330692321062088
R1_RAW,2025-10-02,3,19370,0.38457316160202026,0.3883324728962313,0.003759311294211032,0.330692321062088,0.4365854263305664
R1_RAW,2025-10-02,4,19370,0.48845574259757996,0.4882808466701084,0.00017489592747155225,0.4365854263305664,0.5426180362701416
R1_RAW,2025-10-02,5,19369,0.5965558886528015,0.594300170375342,0.0022557182774595175,0.5426275730133057,0.6501646041870117
R1_RAW,2025-10-02,6,19369,0.7022348642349243,0.6946667355051886,0.007568128729735668,0.6501840949058533,0.7523440718650818
R1_RAW,2025-10-02,7,19369,0.7978068590164185,0.7938458361298983,0.003961022886520116,0.7523453831672668,0.839851438999176
R1_RAW,2025-10-02,8,19369,0.8761651515960693,0.8726831534926945,0.003481998103374795,0.8398540616035461,0.9100677371025085
R1_RAW,2025-10-02,9,19369,0.9389671683311462,0.9377871857091228,0.0011799826220234566,0.9100699424743652,0.9653531908988953
R1_RAW,2025-10-02,10,19369,0.9854711294174194,0.986266714853632,0.0007955854362126091,0.9653608202934265,0.9985108375549316
R1_RAW,2025-10-16,1,19738,0.13131427764892578,0.11612118755699666,0.015193090091929123,0.13131427764892578,0.13131427764892578
R1_RAW,2025-10-16,2,19738,0.2626044452190399,0.25189988853987233,0.010704556679167587,0.13131427764892578,0.3289123475551605
R1_RAW,2025-10-16,3,19738,0.3844026029109955,0.3825615563886919,0.001841046522303602,0.3289148807525635,0.4374195337295532
R1_RAW,2025-10-16,4,19738,0.490947425365448,0.4931604012564596,0.0022129758910116037,0.43742072582244873,0.5469732284545898
R1_RAW,2025-10-16,5,19738,0.6011903285980225,0.6008714155436214,0.00031891305440101547,0.5469767451286316,0.6554813981056213
R1_RAW,2025-10-16,6,19738,0.7084489464759827,0.6937886310669774,0.014660315409005253,0.6554872393608093,0.7588321566581726
R1_RAW,2025-10-16,7,19738,0.8045412302017212,0.7870604924511095,0.017480737750611652,0.7588344216346741,0.8467447757720947
R1_RAW,2025-10-16,8,19738,0.8817501664161682,0.8763805856723073,0.005369580743860958,0.8467556834220886,0.9141724705696106
R1_RAW,2025-10-16,9,19738,0.9431731700897217,0.9400141858344311,0.003158984255290598,0.9141731858253479,0.969224750995636
R1_RAW,2025-10-16,10,19737,0.9869349598884583,0.9867761057911537,0.00015885409730453937,0.9692270159721375,0.9985179901123047
CLOCK,OOF,1,77062,0.12796345446067833,0.12050037632036542,0.007463078140312912,0.11469264328479767,0.1449463665485382
CLOCK,OOF,2,77062,0.2503084742502146,0.2517064182087151,0.0013979439585005138,0.1449463665485382,0.3185597360134125
CLOCK,OOF,3,77062,0.37154903790413746,0.3817186161791804,0.010169578275042945,0.3185601234436035,0.4247375428676605
CLOCK,OOF,4,77062,0.4780058369497993,0.4831693960706963,0.005163559120896999,0.4247400760650635,0.5320248007774353
CLOCK,OOF,5,77062,0.5857946994670907,0.5906023721159586,0.004807672648867833,0.5320248603820801,0.6400960087776184
CLOCK,OOF,6,77062,0.6933491179178964,0.6873686122862112,0.0059805056316852845,0.6401031613349915,0.7443616390228271
CLOCK,OOF,7,77061,0.7903783744532522,0.7842228883611684,0.006155486092083828,0.7443621754646301,0.8338195085525513
CLOCK,OOF,8,77061,0.8712158886419263,0.8676373262739907,0.0035785623679356338,0.8338201642036438,0.9060696959495544
CLOCK,OOF,9,77061,0.9365570355997169,0.9370368928511179,0.00047985725140098356,0.9060696959495544,0.9645389914512634
CLOCK,OOF,10,77061,0.9846538739595723,0.9863355004476972,0.0016816264881249765,0.9645399451255798,0.9985387921333313
CLOCK,2025-09-04,1,18852,0.1449463665485382,0.12094207511139402,0.024004291437144193,0.1449463665485382,0.1449463665485382
CLOCK,2025-09-04,2,18852,0.2657564987519188,0.2442181200933588,0.02153837865856001,0.1449463665485382,0.338143914937973
CLOCK,2025-09-04,3,18852,0.39274229177422215,0.3692446424782516,0.023497649295970535,0.338143914937973,0.44847747683525085
CLOCK,2025-09-04,4,18852,0.5001332694536152,0.47246976448122213,0.027663504972393116,0.4484846591949463,0.5513159036636353
CLOCK,2025-09-04,5,18852,0.602175899351096,0.5784001697432634,0.023775729607832585,0.5513176321983337,0.6536980271339417
CLOCK,2025-09-04,6,18852,0.703950189855507,0.672607680882665,0.031342508972841965,0.6537043452262878,0.7520834803581238
CLOCK,2025-09-04,7,18852,0.795442469637788,0.7718544451517081,0.023588024486079884,0.7520902752876282,0.8366430997848511
CLOCK,2025-09-04,8,18852,0.8726557464849258,0.8569382558879695,0.015717490596956374,0.8366487622261047,0.9064148664474487
CLOCK,2025-09-04,9,18851,0.9360909516770519,0.930030237122699,0.006060714554352864,0.9064198136329651,0.9633325934410095
CLOCK,2025-09-04,10,18851,0.9834255336874088,0.9851466765688823,0.0017211428814735141,0.963337779045105,0.9982855916023254
CLOCK,2025-09-18,1,19103,0.1362239122390747,0.12354080510914515,0.012683107129929552,0.1362239122390747,0.1362239122390747
CLOCK,2025-09-18,2,19103,0.26247631054423665,0.25540491022352513,0.007071400320711518,0.1362239122390747,0.33010753989219666
CLOCK,2025-09-18,3,19103,0.38508000167378553,0.38360466942365073,0.0014753322501347976,0.3301086723804474,0.4395878314971924
CLOCK,2025-09-18,4,19103,0.4904825914369755,0.48406009527299376,0.006422496163981717,0.4395890235900879,0.5421936511993408
CLOCK,2025-09-18,5,19103,0.595592075278358,0.5900643877924934,0.00552768748586463,0.5421938300132751,0.6498463749885559
CLOCK,2025-09-18,6,19102,0.7011575388847228,0.6889854465500994,0.012172092334623352,0.6498470902442932,0.7497941255569458
CLOCK,2025-09-18,7,19102,0.7937459918469387,0.7841587268348864,0.009587265012052315,0.7498031258583069,0.8359369039535522
CLOCK,2025-09-18,8,19102,0.8723433409207979,0.8661396712386138,0.00620366968218411,0.8359379768371582,0.9060864448547363
CLOCK,2025-09-18,9,19102,0.9360027373642114,0.9410009423097058,0.004998204945494411,0.90608811378479,0.9637895822525024
CLOCK,2025-09-18,10,19102,0.9838937334852834,0.9867029630405193,0.0028092295552358815,0.9637903571128845,0.9983773827552795
CLOCK,2025-10-02,1,19370,0.1197654977440834,0.12157976251935984,0.0018142647752764363,0.1197654977440834,0.1197654977440834
CLOCK,2025-10-02,2,19370,0.2390912385037189,0.24651522973670625,0.0074239912329873425,0.1197654977440834,0.302714079618454
CLOCK,2025-10-02,3,19370,0.35535748799436784,0.3883324728962313,0.03297498490186346,0.302714079618454,0.4066529870033264
CLOCK,2025-10-02,4,19370,0.4587288401178558,0.4882808466701084,0.029552006552252597,0.4066529870033264,0.5135745406150818
CLOCK,2025-10-02,5,19369,0.5691098742722862,0.594300170375342,0.025190296103055787,0.5135842561721802,0.6247442960739136
CLOCK,2025-10-02,6,19369,0.6795738101177884,0.6946667355051886,0.015092925387400258,0.624764621257782,0.7326858043670654
CLOCK,2025-10-02,7,19369,0.7814101322279834,0.7938458361298983,0.012435703901914952,0.73268723487854,0.8266724348068237
CLOCK,2025-10-02,8,19369,0.8660234745098161,0.8726831534926945,0.0066596789828784475,0.826675295829773,0.9028370380401611
CLOCK,2025-10-02,9,19369,0.9342591696903452,0.9377871857091228,0.0035280160187776133,0.9028394222259521,0.9629149436950684
CLOCK,2025-10-02,10,19369,0.9845740799443748,0.986266714853632,0.0016926349092571957,0.9629232287406921,0.9984744787216187
CLOCK,2025-10-16,1,19738,0.11469264328479767,0.11612118755699666,0.0014285442721989894,0.11469264328479767,0.11469264328479767
CLOCK,2025-10-16,2,19738,0.23722024767842018,0.25189988853987233,0.014679640861452153,0.11469264328479767,0.30073192715644836
CLOCK,2025-10-16,3,19738,0.3552189501452946,0.3825615563886919,0.027342606243397294,0.30073440074920654,0.4077932834625244
CLOCK,2025-10-16,4,19738,0.46185925698187325,0.4931604012564596,0.03130114427458636,0.4077944755554199,0.518945574760437
CLOCK,2025-10-16,5,19738,0.5750954860140215,0.6008714155436214,0.02577592952959995,0.5189492106437683,0.6317449808120728
CLOCK,2025-10-16,6,19738,0.6877495446053183,0.6937886310669774,0.006039086461659071,0.6317511200904846,0.7413241863250732
CLOCK,2025-10-16,7,19738,0.790361891620028,0.7870604924511095,0.003301399168918473,0.7413265705108643,0.8357799053192139
CLOCK,2025-10-16,8,19738,0.873581732804561,0.8763805856723073,0.002798852867746282,0.8357917070388794,0.9086036682128906
CLOCK,2025-10-16,9,19738,0.9398367454220742,0.9400141858344311,0.00017744041235689956,0.9086044430732727,0.9677839875221252
CLOCK,2025-10-16,10,19737,0.9864844855472431,0.9867761057911537,0.00029162024391060637,0.967786431312561,0.9985387921333313
EXISTING_B30,OOF,1,77062,0.13697161401318003,0.11141678129298486,0.025554832720195167,0.027807634323835373,0.2006140500307083
EXISTING_B30,OOF,2,77062,0.2642622218584016,0.24546469076847213,0.01879753108992946,0.2006140798330307,0.326252281665802
EXISTING_B30,OOF,3,77062,0.38590222600486757,0.3758402325400327,0.010061993464834884,0.3262592554092407,0.4443296790122986
EXISTING_B30,OOF,4,77062,0.4984538820860917,0.48746463886221486,0.010989243223876843,0.44433170557022095,0.5505697727203369
EXISTING_B30,OOF,5,77062,0.6000609283454258,0.5908099971451558,0.009250931200269985,0.5505701303482056,0.6485899686813354
EXISTING_B30,OOF,6,77062,0.6952633786870059,0.6918844566712518,0.003378922015754182,0.6485912799835205,0.7415703535079956
EXISTING_B30,OOF,7,77061,0.7857303909205302,0.7889723725360429,0.0032419816155127013,0.741572916507721,0.8281416296958923
EXISTING_B30,OOF,8,77061,0.8661654755273774,0.8707906723245221,0.004625196797144682,0.8281419277191162,0.9024162888526917
EXISTING_B30,OOF,9,77061,0.9346200364301915,0.9401513087034946,0.005531272273303078,0.9024163484573364,0.9636238813400269
EXISTING_B30,OOF,10,77061,0.9846087225218816,0.9875034063923386,0.0028946838704569933,0.9636241793632507,0.999278724193573
EXISTING_B30,2025-09-04,1,18852,0.13582580681785913,0.11112879270103967,0.02469701411681946,0.030031749978661537,0.19810783863067627
EXISTING_B30,2025-09-04,2,18852,0.2620030355776302,0.24061107574793125,0.021391959829698964,0.19810818135738373,0.3238428831100464
EXISTING_B30,2025-09-04,3,18852,0.3829724579502538,0.3650541056651814,0.01791835228507238,0.32384419441223145,0.44123685359954834
EXISTING_B30,2025-09-04,4,18852,0.49605214632312483,0.4750689582007214,0.020983188122403407,0.4412413537502289,0.5489987134933472
EXISTING_B30,2025-09-04,5,18852,0.598386524125393,0.5797262889879058,0.018660235137487158,0.549001932144165,0.6458941102027893
EXISTING_B30,2025-09-04,6,18852,0.6913793868834417,0.6747825164438787,0.01659687043956304,0.6459108591079712,0.7367842197418213
EXISTING_B30,2025-09-04,7,18852,0.7804360653238389,0.7793337576914916,0.0011023076323473102,0.7367914915084839,0.8231812715530396
EXISTING_B30,2025-09-04,8,18852,0.8620840256447603,0.8569382558879695,0.005145769756790819,0.8232028484344482,0.8991745114326477
EXISTING_B30,2025-09-04,9,18851,0.9317528640842584,0.9331600445599703,0.0014071804757118667,0.8991798162460327,0.9616971611976624
EXISTING_B30,2025-09-04,10,18851,0.9836830632021735,0.9860484854914858,0.0023654222893123578,0.9616973996162415,0.999278724193573
EXISTING_B30,2025-09-18,1,19103,0.13840311464086658,0.11380411453698372,0.024599000103882857,0.03228866681456566,0.2024690955877304
EXISTING_B30,2025-09-18,2,19103,0.2670220256636469,0.24865204418154216,0.018369981482104752,0.2024797648191452,0.32931724190711975
EXISTING_B30,2025-09-18,3,19103,0.38876536136109596,0.37962623671674606,0.009139124644349905,0.32931986451148987,0.4469457268714905
EXISTING_B30,2025-09-18,4,19103,0.5008774459025052,0.48751504999214784,0.013362395910357316,0.4469546973705292,0.5524579286575317
EXISTING_B30,2025-09-18,5,19103,0.6010955829199263,0.5928388211275716,0.008256761792354683,0.5524626970291138,0.6482287049293518
EXISTING_B30,2025-09-18,6,19102,0.6942884844300036,0.6956863155690504,0.0013978311390467901,0.6482381820678711,0.7405932545661926
EXISTING_B30,2025-09-18,7,19102,0.7847236816845143,0.7862527484033085,0.0015290667187941587,0.7406091690063477,0.8269487023353577
EXISTING_B30,2025-09-18,8,19102,0.8647245958005929,0.8703800649146686,0.005655469114075662,0.8269529938697815,0.9006797075271606
EXISTING_B30,2025-09-18,9,19102,0.9334609540997094,0.9414720971626008,0.008011143062891413,0.9006840586662292,0.9627453684806824
EXISTING_B30,2025-09-18,10,19102,0.9841583263978897,0.987435870589467,0.0032775441915773307,0.9627469182014465,0.9991987347602844
EXISTING_B30,2025-10-02,1,19370,0.1377532171157598,0.11223541559112028,0.02551780152463952,0.027807634323835373,0.20216941833496094
EXISTING_B30,2025-10-02,2,19370,0.2647629161939894,0.2453794527620031,0.019383463431986298,0.20217151939868927,0.3265044093132019
EXISTING_B30,2025-10-02,3,19370,0.3866247767616192,0.37996902426432627,0.006655752497292944,0.3265079855918884,0.44461846351623535
EXISTING_B30,2025-10-02,4,19370,0.49838059210998836,0.4912751677852349,0.007105424324753473,0.4446258842945099,0.5505174994468689
EXISTING_B30,2025-10-02,5,19369,0.5995792973557909,0.5946615726160359,0.004917724739754936,0.5505258440971375,0.6488736867904663
EXISTING_B30,2025-10-02,6,19369,0.6959262740920378,0.7019980381021219,0.006071764010084135,0.6488826870918274,0.7423129677772522
EXISTING_B30,2025-10-02,7,19369,0.7862156834942831,0.7937425783468429,0.007526894852559862,0.742320716381073,0.8284499645233154
EXISTING_B30,2025-10-02,8,19369,0.8664483718962175,0.8765036914657443,0.010055319569526766,0.8284538388252258,0.9029600620269775
EXISTING_B30,2025-10-02,9,19369,0.9349337232993614,0.9412463214414787,0.006312598142117265,0.902961015701294,0.9638698697090149
EXISTING_B30,2025-10-02,10,19369,0.9848077006957707,0.9872476637926584,0.002439963096887654,0.9638729691505432,0.999252200126648
EXISTING_B30,2025-10-16,1,19738,0.13596445339664776,0.10771101428716182,0.02825343910948594,0.029376469552516937,0.19952502846717834
EXISTING_B30,2025-10-16,2,19738,0.2632861755549008,0.2467321917114196,0.016553983843481196,0.19953462481498718,0.3250812292098999
EXISTING_B30,2025-10-16,3,19738,0.3852374180887158,0.3811936366399838,0.00404378144873202,0.325084388256073,0.444651335477829
EXISTING_B30,2025-10-16,4,19738,0.49845353058345027,0.4945283210051677,0.0039252095782825736,0.4446606934070587,0.5503900051116943
EXISTING_B30,2025-10-16,5,19738,0.6012000301644268,0.5961090282703415,0.00509100189408529,0.5503972172737122,0.6514368057250977
EXISTING_B30,2025-10-16,6,19738,0.6994979817770163,0.6966764616475833,0.0028215201294329306,0.6514369249343872,0.7468941807746887
EXISTING_B30,2025-10-16,7,19738,0.79133733636534,0.7953693383321512,0.004032001966811194,0.7469044327735901,0.8335614204406738
EXISTING_B30,2025-10-16,8,19738,0.8710905810338118,0.87678589522748,0.0056953141936681995,0.8335670828819275,0.9067295789718628
EXISTING_B30,2025-10-16,9,19738,0.9380502948730547,0.9450805552740906,0.007030260401035937,0.906730592250824,0.9660071134567261
EXISTING_B30,2025-10-16,10,19737,0.9856339037530103,0.9884480924152607,0.002814188662250361,0.9660096168518066,0.9992566108703613
