variable,fold,n,pearson,spearman,positive_fold_signs,negative_fold_signs
search_gmv_share_30,2025-09-04,188518,0.00036074507563200884,0.05240413262713521,,
search_gmv_share_30,2025-09-18,191025,0.008573188481920773,0.061940558054942654,,
search_gmv_share_30,2025-10-02,193694,0.015118292348462896,0.07005868266979609,,
search_gmv_share_30,2025-10-16,197379,0.008214494998268944,0.062483491076154724,,
search_gmv_share_30,wcv_weighted,770616,0.009578305463806579,0.06369611758882217,4,0
search_gmv_share_90,2025-09-04,188518,-0.0004888078952843208,0.01779348297777133,,
search_gmv_share_90,2025-09-18,191025,-0.0005225246590054827,0.02240843378493021,,
search_gmv_share_90,2025-10-02,193694,0.005325924270503229,0.028664864738550185,,
search_gmv_share_90,2025-10-16,197379,0.001681890046288804,0.02292802002350443,,
search_gmv_share_90,wcv_weighted,770616,0.002209935411661466,0.02440817335354244,4,0
search_gmv_share_180,2025-09-04,188518,4.5020384452173926e-05,-0.009032979298457852,,
search_gmv_share_180,2025-09-18,191025,-0.0030222183404526697,-0.007966561248955095,,
search_gmv_share_180,2025-10-02,193694,0.0015597730331226866,-0.0019419726485898064,,
search_gmv_share_180,2025-10-16,197379,0.0015481803438304055,-0.003604945022624195,,
search_gmv_share_180,wcv_weighted,770616,0.0008349518694866466,-0.0035733195889492402,0,4
search_ord_share_30,2025-09-04,188518,0.00017480118141424502,0.054311340885838576,,
search_ord_share_30,2025-09-18,191025,0.008702805650348906,0.06377088087549576,,
search_ord_share_30,2025-10-02,193694,0.015052194357152082,0.072071998032439,,
search_ord_share_30,2025-10-16,197379,0.008742420790011264,0.06491052896629314,,
search_ord_share_30,wcv_weighted,770616,0.0098470737149385,0.06588400850787968,4,0
search_ord_share_90,2025-09-04,188518,-0.0012957147535290975,0.019632707076705856,,
search_ord_share_90,2025-09-18,191025,-0.0011141610687262103,0.023895676560093008,,
search_ord_share_90,2025-10-02,193694,0.005390353309638046,0.03042049983651223,,
search_ord_share_90,2025-10-16,197379,0.0011951202723534124,0.024723275411229255,,
search_ord_share_90,wcv_weighted,770616,0.0018336669727092901,0.026166467442002957,4,0
search_ord_share_180,2025-09-04,188518,-0.0006998265952320282,-0.006930803409684013,,
search_ord_share_180,2025-09-18,191025,-0.0042175972743912745,-0.006518437070288032,,
search_ord_share_180,2025-10-02,193694,0.0011921257856101852,-0.0007248184706723677,,
search_ord_share_180,2025-10-16,197379,0.0007978299628216414,-0.002486422381741533,,
search_ord_share_180,wcv_weighted,770616,0.00012639697853822826,-0.002279578966023285,0,4
search_cart_share_30,2025-09-04,188518,-0.005504749732606126,0.01740384111408876,,
search_cart_share_30,2025-09-18,191025,-0.0021069603644398127,0.0207851491407506,,
search_cart_share_30,2025-10-02,193694,0.0005667653903936987,0.021857592995075996,,
search_cart_share_30,2025-10-16,197379,-0.0016016696889298518,0.018786955790785924,,
search_cart_share_30,wcv_weighted,770616,-0.0013506347798732407,0.019876260899136165,4,0
search_cart_share_90,2025-09-04,188518,-0.0017529043128560707,-0.006484183679155275,,
search_cart_share_90,2025-09-18,191025,-0.004474644190984708,-0.005983913977014767,,
search_cart_share_90,2025-10-02,193694,-0.003009242921360551,-0.007576915991650656,,
search_cart_share_90,2025-10-16,197379,-0.0041294013808669885,-0.01098810132626721,,
search_cart_share_90,wcv_weighted,770616,-0.0037158009173722238,-0.008983010210950517,0,4
search_cart_share_180,2025-09-04,188518,-0.0018712328651550266,-0.010342766158639872,,
search_cart_share_180,2025-09-18,191025,-0.006384289368704533,-0.011317579718147092,,
search_cart_share_180,2025-10-02,193694,-0.005403844299567177,-0.012559157643610373,,
search_cart_share_180,2025-10-16,197379,-0.006026007592006775,-0.01614043202419581,,
search_cart_share_180,wcv_weighted,770616,-0.0056258608247202885,-0.014033413366963727,0,4
share_trend_30_minus_180,2025-09-04,188518,0.0003429277785215799,0.04796171999027619,,
share_trend_30_minus_180,2025-09-18,191025,0.011668928556542127,0.05608142075011974,,
share_trend_30_minus_180,2025-10-02,193694,0.014550234743336294,0.05740009748974192,,
share_trend_30_minus_180,2025-10-16,197379,0.007355331006188734,0.051528298518851365,,
share_trend_30_minus_180,wcv_weighted,770616,0.009394624666038888,0.053033416369212244,4,0
recency_last_search_purchase,2025-09-04,188518,-0.00036235592384543133,-0.07084592234098687,,
recency_last_search_purchase,2025-09-18,191025,-0.003472535449709257,-0.07710228696142757,,
recency_last_search_purchase,2025-10-02,193694,-0.010876515393895293,-0.08154137056528515,,
recency_last_search_purchase,2025-10-16,197379,-0.007921735741630864,-0.07286565744423172,,
recency_last_search_purchase,wcv_weighted,770616,-0.007664242190503181,-0.07531398647770712,0,4
recency_last_catalog_purchase,2025-09-04,188518,-0.00814291225648086,-0.045562932932599484,,
recency_last_catalog_purchase,2025-09-18,191025,-0.010430696464724346,-0.04717618867622225,,
recency_last_catalog_purchase,2025-10-02,193694,-0.008974071454262007,-0.04688568947262054,,
recency_last_catalog_purchase,2025-10-16,197379,-0.009953293368700674,-0.04722424276027357,,
recency_last_catalog_purchase,wcv_weighted,770616,-0.009600696743778113,-0.04305192024358938,0,4
recency_difference,2025-09-04,188518,0.006611624754498228,-0.010282196022896964,,
recency_difference,2025-09-18,191025,0.00620375685735593,-0.01352503054896633,,
recency_difference,2025-10-02,193694,-0.0007493720229760412,-0.018171368246631063,,
recency_difference,2025-10-16,197379,0.002564829317598746,-0.011683536638639741,,
recency_difference,wcv_weighted,770616,0.0023850385283786034,-0.011345668011448193,0,4
dominant_historical_channel,2025-09-04,188518,-0.0012372844443600491,0.03924106330127568,,
dominant_historical_channel,2025-09-18,191025,0.0008444408073974184,0.04368687950183397,,
dominant_historical_channel,2025-10-02,193694,0.008210459007438727,0.04976161183792485,,
dominant_historical_channel,2025-10-16,197379,0.005807545144602306,0.045869605558761704,,
dominant_historical_channel,wcv_weighted,770616,0.005303452490268441,0.04650982640062485,4,0
historical_switch_30_90,2025-09-04,188518,-0.0032536236194265333,-0.028450967632904764,,
historical_switch_30_90,2025-09-18,191025,-0.009709411886829368,-0.03322069576628277,,
historical_switch_30_90,2025-10-02,193694,-0.01288840323757621,-0.03790349500874373,,
historical_switch_30_90,2025-10-16,197379,-0.005669423034111121,-0.03103841235446245,,
historical_switch_30_90,wcv_weighted,770616,-0.007988259280326598,-0.03257304063917965,0,4
historical_switch_90_180,2025-09-04,188518,0.0016739462070353985,-0.025763307227924314,,
historical_switch_90_180,2025-09-18,191025,0.0007407790019119918,-0.02598219232306478,,
historical_switch_90_180,2025-10-02,193694,-0.002538188329635707,-0.029453043626468743,,
historical_switch_90_180,2025-10-16,197379,-0.00037030648191071184,-0.027543068372894913,,
historical_switch_90_180,wcv_weighted,770616,-0.0006607614635462905,-0.027470754374354495,0,4
