name,wcv,fold_cal,fold_offsets,mean_z,auc_positive,prediction_sha256,component,seed,rounds,artifact,artifact_sha256
UNC_S42_R200,1.7506997440639802,"[1.7701890803239015, 1.7633447538933738, 1.752133670638985, 1.7443853612866391]","[-0.163670858473898, -0.11126835250628433, -0.03462780794568278, -0.05930201129169787]",2.717135778616886,0.8413586687556779,37fab13f1f4f0d9d987eb8c532152c0fc74ef5127a5a440f18177abdc7855ed5,UNC,42,200,,
UNC_S42_R250,1.7507262458066761,"[1.770328801141983, 1.7633372097320092, 1.7521713529012963, 1.7444006318611194]","[-0.1679618920486031, -0.11108972685615962, -0.031270113007928674, -0.057968361482042624]",2.716942029929078,0.8412516466641324,debb65b12e262e80ffdb13bf1e88890543509fae69699f7477ebafae2ffc557e,UNC,42,250,,
UNC_S42_R300,1.750774884785464,"[1.7703699446444303, 1.7633722394620863, 1.7522060821619823, 1.7444605649456786]","[-0.1699600529274941, -0.1107359764259762, -0.03214238148748537, -0.05855867052365906]",2.7177125386230276,0.8411912395353984,35d907c8b4224691792d0911aef93dee17ccd7e8830a17dec4c130fed265711a,UNC,42,300,,
UNC_S42_R600,1.7515059932485448,"[1.7715221656894633, 1.76426697076522, 1.7528700998603925, 1.7451316740083374]","[-0.1758524590347353, -0.10853020840952438, -0.03186661453415559, -0.06401832568997122]",2.719892016701737,0.8407941298299506,31593b08ee6866cd4df3d91cff8fa9800ed4a515aff0d06a5d8f8ff91c309812,UNC,42,600,,
UNC_S43_R200,1.7507624881148127,"[1.7700819805007482, 1.763305854829974, 1.7520483682181553, 1.744568769836109]","[-0.16747169757523805, -0.11299150438216819, -0.037956276732883314, -0.062237516311442205]",2.7200835458992887,0.8413900952992147,3718e4ebf7887c6839bbe511644158640c9f9ce36209f666205bce1c2b668dfd,UNC,43,200,,
UNC_S43_R250,1.7506979095965647,"[1.770267914276233, 1.7632681125949936, 1.7519119737834605, 1.744502076168551]","[-0.1693951314616493, -0.11008414801098929, -0.036235820557926283, -0.061812062981895684]",2.719281397174693,0.8413245924074384,bf7a94ed72eefd5b75b0a41c4844c95d214c86ffa5486795c3fb032dda7e4a98,UNC,43,250,,
UNC_S43_R300,1.7507241352036786,"[1.7704859438352423, 1.763303514896675, 1.7520254724805218, 1.7444583955630624]","[-0.1720400923688517, -0.10998383743457495, -0.03404099206865439, -0.061853894768849574]",2.7193577261719972,0.8412491230271355,e70090ee8a16c45d239d0e32aff280fdea3ec6625b31cb8d9fe2b73af2334f13,UNC,43,300,,
UNC_S43_R600,1.7513978848997447,"[1.771631681610739, 1.7640952592010248, 1.7529239808711403, 1.7449312687498524]","[-0.18047595379209772, -0.10963357404991006, -0.032260416614907986, -0.06443940891723103]",2.721510125913238,0.8408567052851308,e62f7c514fda1091b3b2c2c326f6cb59f851b6506f9b0a25a1fb0f85b2375266,UNC,43,600,,
UNC_S44_R200,1.7507531028120562,"[1.7701811680369066, 1.7632187145376856, 1.7520101011073856, 1.744579692579878]","[-0.167021345947602, -0.11196442837302384, -0.0339851592186225, -0.061093790803430505]",2.718427639656372,0.8413606584827391,3ac82ca5bf6eed5bbc897d907ec5660ce0ca853db3aea983937c4f723a538489,UNC,44,200,,
UNC_S44_R250,1.7507525079332666,"[1.7702598676707935, 1.7632483671420525, 1.752093924017399, 1.7445194151218129]","[-0.169649744875527, -0.1104501507193674, -0.03121243618327496, -0.05947152587979658]",2.717581882608753,0.8412887947492378,2dc534ea064512b67ceca8652a6966d5eaf91acf95ec7c04fcc88d7edfd7b1e1,UNC,44,250,,
UNC_S44_R300,1.7508296250878634,"[1.7703784376004181, 1.7633925078563923, 1.7521995932270402, 1.7445603187620737]","[-0.17295423605134913, -0.10669523186472454, -0.030646312366282024, -0.059571697236158246]",2.7173337382215537,0.841217608508135,74cef24d99e4c29e4257e596f78ff01956722d636cf872f4a53856a3e15409b0,UNC,44,300,,
UNC_S44_R600,1.7515374536399946,"[1.771820573014883, 1.7639996978845016, 1.752873116088347, 1.7452186714328304]","[-0.18033452388804977, -0.10687012637043236, -0.030617475046169598, -0.06476957760537798]",2.7204653354205774,0.840840813139938,acab26cd7a902463ab37ed88d20bbffa2f39f536fd1a5ec6f4d90cbd9b93e75c,UNC,44,600,,
CAP_S42_R200,1.7602156027846478,"[1.7762380452355229, 1.7714174874158457, 1.7613393803046697, 1.754850437560478]","[-0.08115828853085261, -0.047163661536499354, -0.06231232342689031, -0.08455604906527676]",2.6944921609082804,0.8395597387077901,1a3477257bdf1c7a2a43bfcef7d5a80b0e112471a3e32de6c436866065479c16,CAP,42,200,,
CAP_S42_R250,1.760222177539076,"[1.7763052299466806, 1.7713894591504298, 1.7613014521517283, 1.7548803382789608]","[-0.08111900320025965, -0.04731176256106234, -0.0622576363706726, -0.08433312650700693]",2.694443841800749,0.8395286754378564,43bf127f4a5b3d3818c6c82a19a7026f0be6b9669d265bd7e52a47911784b95b,CAP,42,250,,
CAP_S42_R300,1.7602568882918794,"[1.776323098251345, 1.771450150802675, 1.7612242568388436, 1.7549666121457654]","[-0.08092758339390475, -0.046920316826129835, -0.061752052480767504, -0.0838780518058472]",2.69405613838229,0.83950958791279,da205a7f11b6e9f0b7d0c95af8a3d521710ec4362dd9362f4bf67915149b19fc,CAP,42,300,,
CAP_S42_R600,1.760642087514469,"[1.7769911657341246, 1.7720337131895636, 1.7614534516578586, 1.7553448642465437]","[-0.08171608833146897, -0.047530184261614816, -0.06234947720770449, -0.08443674906610224]",2.69468395045514,0.8393177244586343,e805f7691bfc01c2cb64b150549377085f959c2d971a632eb2bef9367fa3cd29,CAP,42,600,,
CAP_S43_R200,1.7602037340708094,"[1.7762440229807184, 1.7713882882231966, 1.7613569536906664, 1.7548259496090455]","[-0.08162749117863066, -0.04686908256280841, -0.06189461184551073, -0.08477772455983583]",2.6944831882676112,0.8395859467328103,301fe3c7e18f1d0db0a0d694a3d29f38b4f74405512a513a86c93e62ad6526a7,CAP,43,200,,
CAP_S43_R250,1.7601575719820015,"[1.776276858031976, 1.771367953072141, 1.7613009730687346, 1.754768365409853]","[-0.08119404051733779, -0.04654179320088681, -0.0617663439929219, -0.08440254376966455]",2.694167557606226,0.8395601303223634,cd26ca144592d508fd781ce36fd0587aa1b46888e59ba5853c0142438af3c4d3,CAP,43,250,,
CAP_S43_R300,1.76015264130981,"[1.776239485382596, 1.7713754016653929, 1.7612818868088875, 1.7547714729622776]","[-0.08071233735076147, -0.046313833812567054, -0.06144100615238799, -0.08424788611280043]",2.6938697753461973,0.839531204046457,f19b9d9e3ccfdb65590fae743b135f4fb74d7a44e8d739fb6ce879f37759369b,CAP,43,300,,
CAP_S43_R600,1.7606464563244615,"[1.7769783330854834, 1.7718294757182431, 1.7615740100540085, 1.7553454400161146]","[-0.08144427229633064, -0.04724629229891806, -0.0620184739705249, -0.08443506211449624]",2.694461638479894,0.839342602342732,c4dd7a0e0e23a70da9799473984106dcc8577515a4a2528c638dc897fc41fff6,CAP,43,600,,
CAP_S44_R200,1.7601649202626122,"[1.776587087522119, 1.7714333910377658, 1.7611611099698534, 1.754796936807765]","[-0.08094345618458207, -0.04728807237027324, -0.06256952512377827, -0.08466527126819379]",2.694561124654775,0.8395508757915434,43e13fbd7fb3ddcb3ee18524c993a1cd7db70e3497257fe3b6e02ae90bd20a48,CAP,44,200,,
CAP_S44_R250,1.760126202840727,"[1.7765999695639147, 1.7713927227804076, 1.7610544718838654, 1.7547862174938391]","[-0.08060283295671179, -0.04675746549846969, -0.062146510129981895, -0.08427926395962453]",2.6941410041984653,0.8395385052249585,db51a876c16c1455a17503d9a8df624c6aa28631858ca1666000c893344ae654,CAP,44,250,,
CAP_S44_R300,1.7601789271235566,"[1.7766403650450866, 1.771481098195255, 1.7610502627783038, 1.754860036788067]","[-0.08076809566140787, -0.04668652241633721, -0.06246800130755986, -0.08453698507675772]",2.6943104693282813,0.8394942613494067,3252d5cf303f5f1aa5f9d2e8aed8a16dc950d479a540d2362bcbfb7d98ef77e4,CAP,44,300,,
CAP_S44_R600,1.7606324471057997,"[1.7772574954948341, 1.7720472010358386, 1.761457241223357, 1.755288230515882]","[-0.08142865706879518, -0.04767455892024825, -0.06277271223588336, -0.08479450841244995]",2.6948587889459423,0.8392902808804592,542dc6edca25bb609b946f5f8a9ab62a72c518f90f08a5bb6691b813eb72d954,CAP,44,600,,
UNC_AVG3_R200,1.750226050675245,"[1.7695891879723349, 1.762750110498274, 1.7515423163358779, 1.7440165107270353]","[-0.16605060139663347, -0.11207451681945377, -0.03552548331240967, -0.06087523869910575]",2.7185489880575155,0.8415131456115066,c5d6e7c65bec8c525589bda8d3c257043aa1311948311e46adf66b1e2336a998,UNC,AVG3,200,C:\Users\Admin\Desktop\OZON-E-CUP\artifacts\TBR_EXP046\TBR_EXP046_UNC_AVG3_R200.npz,41717fed71976ecd11519019b481c13d2b47b60a90a2896b5c20838d718cf446
UNC_AVG3_R250,1.750133552084169,"[1.7696182715336721, 1.7626505519171223, 1.7514608715400377, 1.7439050524668085]","[-0.16899144373286573, -0.11054092678910174, -0.03290611171854525, -0.05974364709075999]",2.717935103237508,0.8414575275798968,80e0906c6e1513181ff42682af1252803630135282a21ed6576fbd0c746fc69d,UNC,AVG3,250,C:\Users\Admin\Desktop\OZON-E-CUP\artifacts\TBR_EXP046\TBR_EXP046_UNC_AVG3_R250.npz,f24a915dcaeb1351462c091362b6524cc96fe971fa30aec33de6fb59b799a5f4
UNC_AVG3_R300,1.750100978139621,"[1.769660806694433, 1.7626258952937173, 1.751459193272411, 1.7438456627153507]","[-0.17163979366416462, -0.10913726478015379, -0.03227641316310216, -0.059987773075391444]",2.7181346676721927,0.8414138775139737,6f5d9cd3460924d77716ad7f40f26040c8dd6b244a3f231dbcabf7a08084adbe,UNC,AVG3,300,C:\Users\Admin\Desktop\OZON-E-CUP\artifacts\TBR_EXP046\TBR_EXP046_UNC_AVG3_R300.npz,114cd196094110890732ec8e8f757f31cb922a4f2b39a2ee9b1cf0b060a16c88
UNC_AVG3_R600,1.750366136602289,"[1.7703745209132011, 1.762891744552289, 1.7517526858365247, 1.744040411958807]","[-0.17885504202959418, -0.10834127838006659, -0.03158062434602159, -0.06442585617814367]",2.720622492678517,0.8411641113287522,645649bee64fe73494aa1d555a8673ec812e39b3f53c849a996655a3a272a737,UNC,AVG3,600,C:\Users\Admin\Desktop\OZON-E-CUP\artifacts\TBR_EXP046\TBR_EXP046_UNC_AVG3_R600.npz,445f1712390b2a832da4f199cd6b14abbf31c35b2143c22f0e3cd185407af1ae
CAP_AVG3_R200,1.7597894268127723,"[1.7758856979874573, 1.7709805896710953, 1.7608781078593643, 1.7544352616780594]","[-0.08124305172468814, -0.047106938823193674, -0.06226021998099722, -0.08466627805686394]",2.6945121579435556,0.8396742756401119,606383bf0e8aac8586283b296c050db9b3b5978c337bef8f505c97a5f9d2c3d6,CAP,AVG3,200,C:\Users\Admin\Desktop\OZON-E-CUP\artifacts\TBR_EXP046\TBR_EXP046_CAP_AVG3_R200.npz,763dd22324a968388f643811c5ceca969f689ddc5b860d62846b2ce179423459
CAP_AVG3_R250,1.7597094667879678,"[1.7758556011042428, 1.7708891754454537, 1.7607575575419683, 1.754372227457062]","[-0.08097189415198594, -0.04687030616440851, -0.062062507599374664, -0.08433825751635647]",2.6942508012018136,0.8396676407095567,f0a248edea889fa4ad9e498a417a8384a7b812fe23688c737aa3e57c08a96723,CAP,AVG3,250,C:\Users\Admin\Desktop\OZON-E-CUP\artifacts\TBR_EXP046\TBR_EXP046_CAP_AVG3_R250.npz,0173ef2c486d89cfb5a869e0620bd16d318cfad7596fdf3e4c79fbed3bdacc95
CAP_AVG3_R300,1.7596856920224921,"[1.7757972382917286, 1.7708845068496817, 1.760671334854706, 1.754379223615933]","[-0.08080247025922282, -0.04664018158122222, -0.06189023880362653, -0.08422081470400843]",2.694078794352256,0.8396525058605504,dc8a752ed38bf55664f52ad1853df44f66c9960c9cc7adfd96ba9989cc681c9f,CAP,AVG3,300,C:\Users\Admin\Desktop\OZON-E-CUP\artifacts\TBR_EXP046\TBR_EXP046_CAP_AVG3_R300.npz,8f1ec6b3616f84f02146825fa43d0abab8e78837f33a270d5845a6bf07b1c1cb
CAP_AVG3_R600,1.7598395693448745,"[1.7760983832124364, 1.771094141556781, 1.7606897439074853, 1.7545684872771476]","[-0.08152908382803357, -0.04748332977276913, -0.06237744196354227, -0.08453628894713988]",2.6946681259603253,0.8395468752063369,64cd59b1c186f6816d9a2c84a2fb60f8abc3f7fc2a09740b19297105aeb9992b,CAP,AVG3,600,C:\Users\Admin\Desktop\OZON-E-CUP\artifacts\TBR_EXP046\TBR_EXP046_CAP_AVG3_R600.npz,781a54aec12699bbaa0b87367b6341635bba9941fe996168f7e83f9e0d0629ba
