feature,is_b1,mean_abs_shap,mean_shap,mean_value,std_value
to_ord_sum_all,False,0.23347802088558506,0.011037231326397398,27.828490000000002,55.75893930018698
w180_orders,False,0.1999612776348398,0.012475147507238582,16.287599999999998,31.278173149150497
to_ord_sum_120d,False,0.11006299236167828,0.013861595687082782,11.464690000000001,22.379219745694314
w180_days_buy,False,0.0919065674909825,0.006781306593633263,9.570789999999999,12.50553985337488
lifetime_gmv_per_day,False,0.08646897072845261,0.003801585158576797,2.8031608686196003,6.753201106837432
to_ord_sum_60d,False,0.08517705606864737,-0.0009888789125995475,6.04482,12.291401643700414
recency_buy_over_buydays,False,0.08352575680775888,0.00802115882739159,15.339390598682527,45.7280071025528
w90_days_buy,False,0.05361911471160288,-0.0018382083675513696,5.17853,6.90440915515725
buyday_rate_all,False,0.051351483273470125,0.005569527313358861,0.12804171669984935,0.11356053416283358
gmv_sum_60d,False,0.046560350718777344,-0.010298531837145125,197.85842059150244,510.5424255758784
w90_orders,False,0.04256952692764699,-8.462547430614702e-05,8.796289999999999,17.424202664070428
all_days_buy,False,0.04219691679134839,0.006942669154996629,16.39595,21.90293164707832
searches_sum_14d,False,0.03652940531498904,-0.0010374247614276311,16.8799,27.19582375896791
active_days_7d,False,0.03334917686085391,0.0010883076401171526,2.66655,2.1179609205070795
has_search_to_ord_sum_60d,False,0.032787007573179414,0.000808231712555013,3.39184,4.711418484790712
gmv_sum_all,False,0.030864589169054935,-0.005642012640839376,952.4237787691932,2047.0779243356233
w365_orders,False,0.030570952479587177,0.0011140781682974824,27.49584,55.02456534274481
searches_sum_7d,False,0.02951154152435322,-0.003812730065299158,8.84683,15.456366325850798
tenure_days,False,0.02898904836254086,0.01753974521969818,321.80683999999997,80.81445300269806
b1_expected_next_order_overdue_ratio,True,0.027677744313933744,0.0069735190021825415,1452.2500007679719,3506.3297726752417
b1_order_cycle_phase,True,0.0267089295860139,0.007014626134925279,1453.5869161497271,3505.779490126125
b1_regular_buyer_overdue_score,True,0.02575932168085541,0.008905614867722757,1452.1637976786747,3506.364944298898
b1_order_gmv_p25_all,True,0.025105835335878318,0.0019522155634668524,18.66360815365091,50.6714804313644
b1_cart_pressure_30d,True,0.023144176319407895,0.0024445578408073625,0.4576718287725374,0.5697416921493477
gmv_sum_30d,False,0.022697561561461133,-0.0080189188183903,102.05958266235237,305.05623246623816
w180_orders_per_day,False,0.021721535163377406,0.0020623466491953455,0.09048666803259403,0.17376762932069686
b1_active_gap_last_over_mean,True,0.021156378522956,-0.0017458935849050815,1.0116749773543188,1.3924648165015512
active_days_14d,False,0.020584293501105463,0.002822420555605986,5.141830000000001,3.826148327290377
w90_gmv,False,0.019583199368939035,-0.0011484642355175081,288.6493998059335,690.6412126101511
w90_buyday_rate,False,0.019190120208892877,3.794963800529295e-05,0.057539223739812156,0.07671565905754746
gmv_sum_120d,False,0.01907946918976039,0.0024423820325965373,379.4547532600279,869.134909836677
b1_weekend_gmv_all,True,0.018543346297302046,0.002349740865623776,272.21528844001614,648.5756374071088
b1_cart_days_30d,True,0.016995383446041526,-0.00036016064386069414,4.21267,4.643489874216917
to_ord_mean_all,False,0.015215543054220055,0.002110435509002209,0.20776948353328512,0.28035318330420145
b1_fresh_buyer_high_intent_score,True,0.015204432017421403,-0.0034176448675257267,0.7986317502100393,1.2547992519261846
first_buy_age_days,False,0.01506611511060266,0.0064172498103620985,1677.54016,3415.0707520878395
post_order_search_share_all,False,0.014626509698473785,0.0017358566266987866,0.10246021345704365,0.18079362523577674
w90_lgmv_std,False,0.013951145369216787,0.007306816039909321,0.5415593580272751,0.5391298449760268
all_lgmv_std,False,0.013621091796427006,-0.005999129808192169,0.7181902836007018,0.4797486917325753
search_mean_all,False,0.013346125145078205,0.0004819406033630662,0.7881268053082331,0.17387458932351013
has_search_to_ord_sum_120d,False,0.013012316069354215,6.934041714496406e-05,6.44581,8.65486339747465
b1_order_gmv_top3_share,True,0.012763046006065905,-0.0017923493547502213,0.559287224049978,0.3353613750205816
w180_lgmv_std,False,0.01265113280196535,0.0036672445475371017,0.6486332685717848,0.5129750917667263
b1_search_intent_score,True,0.012520114576367565,0.0003501133690279785,0.8037583717510925,0.7216770513767761
b1_order_gmv_median_all,True,0.012390966035783128,1.3155583379210328e-06,29.2076350979371,62.36171663709757
cat_sum_all,False,0.01181133157806442,-0.002183210193423272,16.743589999999998,26.95751701451892
b1_search_day_share_active_30d,True,0.011744230290387353,-0.0003564545612024107,0.7810287302320078,0.2492736867872144
b1_active_gap_cv_all,True,0.01154014999587736,0.000741119307809296,1.1674726864996832,0.5088581553208602
gmv_mean_all,False,0.011310406254526,0.0003954206175635859,7.576479474649112,16.24423936582831
searches_sum_30d,False,0.011276971057623044,0.0029882312294976492,37.14068,54.68846348521832
has_search_to_cart_sum_14d,False,0.010890842476097637,-0.0004316059714785873,1.8170899999999999,2.287359246645419
to_ord_sum_30d,False,0.010608443833308057,-0.003616726351863423,3.0841700000000003,6.61366439089908
b1_weekend_active_share_all,True,0.01004164599754618,0.00039917666826476774,0.2854300505368691,0.08188663017935893
searches_sum_all,False,0.009990615380175863,-0.004313523573642449,338.8572,477.737504680058
b1_expected_next_order_overdue_days,True,0.009713669038160198,0.0029299357934815876,1458.75335,3503.992119329754
b1_multi_order_day_count_all,True,0.009197001606176307,-0.00129462770820779,5.38246,10.796997405949257
searches_mean_all,False,0.008558499802076978,-0.000988681169531158,2.694715272952644,1.878147991504953
w365_orders_per_day,False,0.008511223460725158,0.0008392715036486362,0.07533106821382884,0.15075223380604147
active_days_30d,False,0.008505926208282841,0.0018525587278524858,11.24628,7.675204685449223
w365_days_buy,False,0.00825526171228776,0.0013169731303963397,16.19634,21.620374895894198
b1_order_gap_last_over_median,True,0.008007855515476375,-0.0004678158509049894,2.4658615149747414,9.884481211159363
w365_gmv_per_day,False,0.007733015142855181,-0.0018516623211205052,2.5760875122687286,5.5451510801894965
w365_avg_order_value,False,0.0075431320809958334,0.002645506521540129,33.034176647087406,60.36604464935898
search_to_cart_max_all,False,0.0075053805918345925,-0.0013734856823896316,8.16574,9.06047793459624
all_lgmv_mean,False,0.007495971663624852,-8.49711811033567e-05,2.810905752305612,1.2955648060840232
cat_mean_all,False,0.0072821286252244995,7.365935877817246e-05,0.1356228225509799,0.1346988702831124
search_sum_14d,False,0.007267827863740405,0.0003206600174239113,4.10717,3.453728718903857
b1_order_gmv_top1_share,True,0.0072410787968849024,-1.759770194957464e-05,0.3460246128342859,0.2870616452421033
has_search_to_ord_mean_all,False,0.007211453237036599,0.0005374484168702845,0.12142377206471283,0.11026331321059923
has_search_to_ord_sum_30d,False,0.00671412135265697,-0.001448854620824617,1.72936,2.5713489204343887
w180_gmv,False,0.006581253234725769,-0.00019309573593086514,544.7913788237408,1187.3547720052645
gmv_sum_14d,False,0.006469769306929723,-0.002855106677064529,44.27257211103158,174.58799605252608
recency_days,False,0.006399867201864674,-0.002713965986958439,4.76067,6.8360404004217425
b1_searches_per_search_day_30d,True,0.0060544072318541135,0.0015785354971805787,3.2248173660600186,2.5973329699036247
b1_order_regularity_score,True,0.00600808096302754,0.000631862569940345,0.6366373654772342,0.23559045834924996
recency_buy_over_tenure,False,0.005884579265065604,-0.0012422483827080528,20.721751020519434,180.64395310128714
b1_last_order_day_gmv,True,0.005855378924033321,0.00016761149231598926,44.19947357760806,126.85009674820898
recency_to_ord_days,False,0.005819152578742128,0.000867056263690955,1477.66752,3496.112500819389
recency_cat_days,False,0.0056654396057334066,0.0013739723700660583,951.50648,2847.9238914548628
cat_sum_120d,False,0.005399072594849532,0.00045122743057951937,6.31716,10.266373833623998
b1_active_gap_max_all,True,0.00534471955618539,-0.0006146625947627609,36.63219,37.35248435934734
search_to_cart_mean_all,False,0.005312628055542742,0.0005653976032982065,0.7621540297790896,0.8068349435996252
active_days_all,False,0.005113705178841874,-0.0019851649619142724,105.83529,78.48682920936956
b1_search_spike_ratio_90d,True,0.005085093248020948,0.0003347162405465942,2.6970270726500916,1.3708920792579447
w180_avg_order_value,False,0.005024442255106284,0.00045371829308110407,30.63607434734553,61.96601708983384
search_sum_30d,False,0.004743883467475395,0.0011859956119856484,8.97706,6.9086071400718625
w90_orders_per_day,False,0.004720467667692525,-0.000977204300621028,0.09773655749255791,0.19360225267801423
b1_order_gap_std_all,True,0.004624627228820703,0.0015590134737720365,19.38144486551419,25.360190393108606
w90_gmv_per_day,False,0.004527436508647967,-0.0004916452466728953,3.2072155551337116,7.6737912768073695
search_sum_7d,False,0.004514238873127055,-0.00023612140412700914,2.13808,1.9407135425111735
b1_last_order_day_carts,True,0.004477331156314467,0.0002781538935304489,2.34955,3.038904127329804
search_to_ord_sum_all,False,0.0044619502953414155,-0.001345972406919093,26.18023,52.795505372524445
b1_order_gmv_iqr_all,True,0.004453291741411869,-0.0006917987552533377,33.943776054100155,83.97109221058483
has_search_to_cart_sum_7d,False,0.004447028564704699,-0.0009085283097175605,0.95211,1.329609719900918
b1_active_gap_median_all,True,0.004381923959973384,-0.0008334470707302233,3.28132,6.327905515228185
search_sum_all,False,0.004345175663958341,-0.0009194967901961885,85.5626,69.3547103328616
gmv_search_sum_all,False,0.004108677700184585,-0.0008239789886700486,881.8281600766294,1931.01983155186
b1_stale_buyer_high_intent_score,True,0.0040329974031478935,0.0001729049525552638,0.1898112507840432,0.4963520899256623
to_cart_sum_all,False,0.0039497528800023895,-0.0015591495943182675,108.58409,187.24012923226638
b1_order_gmv_cv_all,True,0.003921416628798044,0.0005689650002008747,0.8704168968512025,0.6659696350735944
post_order_searches_sum,False,0.0038969705341647203,-7.239401633971516e-05,18.6259,47.47348420640504
b1_order_gap_cv_all,True,0.003837901003096304,0.00030310988733542717,0.7697911319571129,0.5573814031027933
search_to_ord_sum_60d,False,0.003816636138397093,5.573145634293501e-05,5.7366600000000005,11.82456643783202
gmv_sum_7d,False,0.0037857912865950725,-0.0009152544137607547,22.92314509998664,110.09276594353197
gmv_search_sum_30d,False,0.0037683882853706205,-0.0009925902252481277,94.95939214502515,291.1765433056517
search_to_cart_sum_all,False,0.0037633927226789063,-0.0008051394393624879,100.10154,173.25492868051293
recency_search_days,False,0.0037610952611672353,0.0004027962464180577,44.74432,604.3157728641527
active_days_120d,False,0.0037286794006013532,-0.001496507369781141,41.98792,28.367358361144067
post_order_searches_per_day,False,0.003651593531167801,0.001280538180357449,1.6664145970333086,2.225313409842582
b1_search_day_share_active_90d,True,0.0036433580526781984,-0.000364989726653451,0.6177622429936566,0.183927073314405
searches_sum_120d,False,0.0035967218231446447,-0.001331540189648214,136.85507,188.60680131961354
gmv_search_mean_all,False,0.0035903954848191225,-0.00020473869615801916,7.020695594768487,15.71253111826942
b1_search_spike_ratio_30d,True,0.0035134217492595304,0.0003086209361365265,2.2978256329894067,1.1516367814567832
b1_pre_last_order_cart_lift_7d,True,0.003509175026266849,-0.0004627348550654929,1.5642908594547957,2.981604392884445
active_days_60d,False,0.003465793163220594,7.435986265980635e-05,22.33123,14.759613052597492
recency_to_cart_days,False,0.003456001512224037,-0.0003706839893091144,278.45147,1572.2735164378557
b1_pre_last_order_search_lift_7d,True,0.00342143574021705,0.00015457041201821634,1.4071504782581143,2.033685658526843
has_cat_to_ord_mean_all,False,0.003373421104192211,0.0002541174889531163,0.009260868817898445,0.023468126203237752
w180_gmv_per_day,False,0.0033129965807785194,0.0006528494576017998,3.02661877167447,6.596415395482667
b1_cart_no_order_days_30d,True,0.0032267271472716215,0.0007319246435706663,2.40602,3.044909670480365
searches_max_all,False,0.003151436809312534,-0.0002939325581079197,17.850209999999997,17.01148502091747
w180_lgmv_mean,False,0.003137072863948794,0.00010798676682543222,2.650199883080944,1.4141522914556055
recency_cat_to_cart_days,False,0.0030870969490482784,3.653587864294852e-05,3560.19478,4723.894043805451
b1_order_gap_mean_all,True,0.0030819112233479388,0.000255929083084263,24.099815958168506,34.983394231187134
to_cart_max_all,False,0.003076769149993772,-0.0004557192488462426,8.57977,9.559698011984441
w365_orders_per_buyday,False,0.003062199782774593,0.00011719455448731621,1.2612365056931973,0.7943131598102762
b1_searches_per_search_day_90d,True,0.003032924721421606,-0.00031415166756825304,4.308584427076578,2.8145332838396158
b1_cart_no_order_share_30d,True,0.002991543969851405,-0.00022059448169974545,0.468835228320472,0.39803412938036
b1_month_start_order_share_all,True,0.0029760521573901806,0.00011452239136584998,0.19752288195250556,0.19589553967001241
b1_order_gap_p90_all,True,0.002966682464406553,0.00044782505253163394,42.44303299809456,48.19015146886635
recency_search_to_cart_days,False,0.0029325677098326194,0.00048011275303916595,326.14950999999996,1704.7224250421943
gmv_search_sum_60d,False,0.0028594469848361604,-0.0003307555564842146,184.09397005204363,485.6701154843887
gmv_cat_mean_all,False,0.0028534349638050763,-0.00011078926794608863,0.5557838821865009,2.4386299282099366
w365_lgmv_std,False,0.002842436233296716,-0.0006527962921748151,0.7170766032272297,0.48050428082176466
has_cat_to_cart_mean_all,False,0.0028327277038664826,9.481232935422206e-05,0.03384963537832955,0.05474819695601134
b1_cart_no_order_share_90d,True,0.002765979134970998,0.00017517925688274635,0.554755071072895,0.33617736958846867
b1_payday_10_order_days_all,True,0.0027488084396649105,0.0005938999641342873,2.8499600000000003,4.093325434837271
has_search_to_cart_sum_30d,False,0.002741394363902078,-0.000579429183820354,3.99381,4.508021391165222
b1_active_gap_p90_all,True,0.0027275794840989,0.0005901423363445413,12.90078199750185,17.069709632089207
b1_payday_order_share_all,True,0.0026454535321655476,0.0004233406055580293,0.28675801777757703,0.23119175802635955
b1_cart_friction_score,True,0.0026076204847595708,0.0001311720830588721,1.7329133768066765,1.2046632015552865
b1_weekend_active_days_all,True,0.0025806999878239564,-0.0011428149827052672,29.99133,22.80419627034911
b1_cart_pressure_90d,True,0.0025656312410259896,-4.805735299903062e-05,0.657910613070745,0.7471874154605225
has_search_to_cart_sum_all,False,0.0025576079410574454,-0.0010027409617554938,36.81652,40.62891658148174
w180_buyday_rate,False,0.002541307876538726,-0.0006239108387690316,0.05317105677357875,0.06947522241462475
b1_order_gap_min_all,True,0.002534171450295687,-0.0002837900820791888,8.60132,29.96403093150627
w365_gmv,False,0.002526099945073779,-7.609211028362359e-05,940.2719424136882,2023.980149960858
b1_active_gap_mean_all,True,0.0024566205193573293,-0.00036365689454188367,5.993813502702713,8.409593347850521
b1_order_gmv_last_over_median,True,0.002455931810764191,-0.0004974856472325202,1.5517090407435532,12.831148733492359
post_order_cart_share_all,False,0.002429792103204955,-0.00032260701704955213,0.07586997190671624,0.16091763675520443
b1_order_gap_max_all,True,0.002377416678772154,-6.751817300626516e-05,61.53973,58.33472564181158
b1_order_gap_last_over_mean,True,0.002343578141029051,-0.00013385059405327337,1.6971199271804536,8.908560588525484
b1_active_gap_std_all,True,0.0023214463315618665,-0.00037713598636208,7.68152963210918,10.918385723889138
b1_weekend_order_days_all,True,0.0023048267666257887,0.00021144261707950707,4.68372,6.633607071840784
b1_order_gmv_max_over_median,True,0.0022596523252612685,-0.00014261347934077927,8.804452569675446,55.34386094689724
w90_orders_per_buyday,False,0.002253058499083967,0.0001277079865079276,1.10525554818511,0.9243194187413648
w180_orders_per_buyday,False,0.00213493891675986,4.621794401352387e-05,1.2098702774202823,0.86120061869109
b1_search_no_cart_days_30d,True,0.002084680600901959,6.893577535513485e-05,4.88067,4.153994766552149
b1_order_gmv_p75_all,True,0.002070416049687356,-0.0006104087779690921,52.60738418651141,105.64782497735408
to_cart_mean_all,False,0.002043787746323933,-0.0003939104722909702,0.8253428109106282,0.8589804499036807
days_last_order_to_last_cart,False,0.0020298110867285313,2.0189713099172992e-05,20.561349999999997,47.90874993527406
to_cart_sum_14d,False,0.001972630117176285,-5.5865454106291234e-05,5.8904700000000005,12.098072893943328
b1_pre_last_order_searches_7d,True,0.001959623767075972,-0.0007335161594623681,9.41582,16.20756493796454
b1_route_mixed_day_share_90d,True,0.001933633471555024,0.00022893261320484478,0.06850882212534548,0.08938096145488851
gmv_per_active_day_30d,False,0.001926067523247118,-0.00036176319797864566,7.634483338980399,27.67089837697638
b1_order_gmv_last_over_p75,True,0.001919928507768479,-0.0006587328435646643,0.8000527549830705,4.3198771415670905
searches_sum_60d,False,0.0018821443344000572,0.0002841655882172959,73.40102,102.29388696610734
w90_avg_order_value,False,0.0018786621737662864,-0.0005918105835596382,27.396872655879932,65.34192026925979
b1_pre_last_order_active_days_7d,True,0.0018517080778350753,-0.0001572704617357304,2.66274,2.2428623823948683
cat_to_cart_mean_all,False,0.001840512586297402,-0.0002581763711259332,0.06318878139202483,0.1718272638473256
w365_lgmv_mean,False,0.0018268785338490905,-0.00029177345519072805,2.807972562016472,1.2977568896672536
gmv_search_sum_14d,False,0.0018100569447703813,-0.0003594823681735478,41.10308943464035,165.85248951744524
post_order_search_days,False,0.0017428789355660539,-0.0009063009212293532,6.02815,10.693890491348682
b1_post_order_browser_value_score,True,0.0017303101885377226,-0.0004378564319597739,2.350267352699451,1.5538685896751248
b1_month_start_order_days_all,True,0.001684547492577966,0.00046691217654817055,3.8114600000000003,5.411545151128632
search_to_ord_mean_all,False,0.0016741609958287884,-0.0004573870817763636,0.19530753670442152,0.2653823915925029
search_sum_120d,False,0.0016681066165723922,-0.0005109449551503914,33.608999999999995,25.26232041359765
cat_to_ord_mean_all,False,0.0016422884033677047,4.2094847446825774e-05,0.0124619467677176,0.050191103113525565
b1_weekend_gmv_share_all,True,0.0016064720770310494,0.00034259977848838223,0.24550345442802773,0.2539377080647465
to_cart_sum_7d,False,0.001600060056262365,0.00023386360659940954,3.13087,6.964899883272608
gmv_cat_max_all,False,0.0015980819980188211,1.8075045880235828e-05,39.98590977673888,155.57575892764578
has_search_to_cart_mean_all,False,0.0015883658347625143,-0.000238172586881878,0.3033275336300768,0.16640230408963858
days_last_order_to_last_search,False,0.0015688067976127398,5.2801818779879805e-05,27.25685,178.85569246555667
search_to_ord_sum_30d,False,0.001547571861368897,-0.00028406016197398727,2.9277100000000003,6.36729890173325
b1_route_search_only_to_order_rate_90d,True,0.0014926430268516653,-0.00012180557695151868,0.15694324857679195,0.1630922793249011
has_search_to_ord_sum_all,False,0.0014774849584858584,-0.0005538308404410851,15.60511,21.208270965101214
cat_to_cart_sum_all,False,0.0014440607575017645,-0.0006783284162020085,8.48255,29.77175836791669
b1_month_end_order_share_all,True,0.0014421239701853917,9.106997573563453e-05,0.2823690293685347,0.2311017350503003
gmv_per_active_day_60d,False,0.0014387644518452478,-0.0007224628910046116,7.5685077546715505,23.52425732220283
gmv_per_active_day_120d,False,0.0014355810772422773,-0.0006171877618275608,7.705586880349017,19.221320744572665
w180_gmv_per_buyday,False,0.0014245263515714817,0.00013828411640434088,44.288156173499075,84.14008484365712
b1_post_order_intent_without_buy_score,True,0.0013508373366597935,-0.00020209348947725894,1.9526602271330358,1.6225499694240497
b1_search_days_90d,True,0.0013504373514293044,-0.0006358247827450509,25.99451,19.351274654019335
b1_order_gmv_p90_all,True,0.0013317748158853736,-2.5968099216115757e-05,92.5558311889366,179.9792760619631
b1_order_gap_median_all,True,0.001327513813830918,-9.758244483502045e-05,18.91417,34.42708843647934
b1_last_order_day_orders,True,0.0013226299993306376,-0.0002653228796917484,1.24001,1.204525047367667
b1_multi_order_day_share_all,True,0.0013154976850583838,2.548357396173315e-06,0.21851745676640422,0.22097753029938935
w90_gmv_per_buyday,False,0.001300206876978875,0.0001463617360898417,39.49201115523718,90.30388425871307
w90_lgmv_mean,False,0.0012940995639010226,-5.639009999469545e-05,2.3977894306759353,1.5542493202016274
gmv_search_sum_120d,False,0.0012604217892296945,-0.00026062147855458035,352.87562797194414,823.9458310651697
b1_order_gmv_std_all,True,0.0012248567395450305,0.0002171083481541783,56.286101130293375,120.05514604020979
post_order_active_days,False,0.0012147002948641136,4.310138269067519e-06,8.18271,13.665444288546599
orders_per_active_day_30d,False,0.001208573522018927,0.0006934804672323508,0.2169739944884926,0.3895748488409543
b1_pre_last_order_carts_7d,True,0.00118803810192307,-4.7995039225191526e-05,3.33915,7.188559272812826
post_order_active_share,False,0.0011199239027810193,-0.0001726743798884754,0.25421005844971867,0.24268313653580423
gmv_max_all,False,0.001111006788876465,3.935413062054993e-05,230.5688400266336,477.032460623647
b1_weekend_order_share_all,True,0.0010595009512284334,3.0101953529638882e-05,0.24410459713452495,0.218289318025434
search_to_cart_sum_120d,False,0.0010536191240430152,1.2129396422089076e-05,42.25095,72.31755684350361
search_to_cart_sum_7d,False,0.0010529595727857212,0.0002752011021397516,2.9171500000000004,6.567259967824933
b1_order_gmv_top3_sum,True,0.001039855257936704,-0.00016491602895155202,421.697510280476,838.0172637630867
b1_searches_day_max_90d,True,0.0010248705834528266,0.00010878297642397235,12.6846,12.848943067110142
b1_cart_heavy_no_order_score,True,0.0010214928770396604,0.00010875622998910396,4.004466554046124,4.50113811877597
b1_search_no_cart_days_90d,True,0.0010086993804373306,-8.999472188188892e-05,14.12876,11.243947344833867
to_ord_max_all,False,0.000993681480106773,-0.0003475221059142814,3.1031899999999997,3.472604582342939
search_to_ord_sum_120d,False,0.0009729828840691073,-0.0005337836923100873,10.87773,21.580773841353786
gmv_search_sum_7d,False,0.0009649198618997306,-0.0001887222785145744,21.287149344246796,104.42551858494784
gmv_cat_sum_all,False,0.0009613779940123974,-2.8238971926983417e-05,70.59561870165876,314.20558047792224
has_cat_to_cart_sum_all,False,0.0009497374331720803,0.00010313065701105377,4.318289999999999,9.549554953692624
orders_per_active_day_60d,False,0.0009418831126136714,-2.4210853428784094e-05,0.21625516956299545,0.34074340993817465
orders_per_active_day_120d,False,0.0009262573315624637,4.625101018894415e-05,0.21817865587290375,0.3110504195365993
cat_to_cart_sum_30d,False,0.0009239279580802349,-3.333884694476306e-05,0.8861,3.7894752842731743
recency_gmv_days,False,0.0008912514420807227,-6.63106989614271e-05,1477.66752,3496.112500819389
b1_searches_day_max_30d,True,0.0008637040752514512,-0.00019267922718626114,8.76699,10.063904714795559
search_to_cart_sum_60d,False,0.0008328017521394833,4.464855278621331e-05,23.21631,41.25615544038109
b1_search_days_30d,True,0.0008127026115657887,0.00012759730102178076,8.97706,6.9086071400718625
search_to_ord_max_all,False,0.0008060806080414497,-0.00011764757949943747,2.98846,3.338812216115529
b1_route_mixed_to_order_rate_90d,True,0.0007964030892044041,1.4063404350010035e-06,0.15183847987160087,0.26895914144076194
w365_gmv_per_buyday,False,0.0007688653308488295,-0.00020902218498515518,47.4708904486103,83.51614582733058
search_sum_60d,False,0.0007632815534726843,-8.139271445386418e-05,17.83712,13.230519103194407
post_order_cart_per_day,False,0.0007597692968918997,-4.2507380277400964e-05,0.4057997980263922,0.9875602861992892
search_to_cart_sum_14d,False,0.0007586552425293289,-3.6774801009311706e-05,5.478,11.391454010326502
b1_route_search_only_days_90d,True,0.000754849081482317,8.364149794708026e-05,22.356830000000002,16.469677793217905
b1_month_mid_order_days_all,True,0.0007402512248438487,-0.0004433209422204599,7.15512,9.733004549681784
b1_last_order_day_searches,True,0.0007394715302090352,-2.8356718158534998e-06,4.10281,5.951308361335074
b1_post_order_search_no_cart_days,True,0.0007310247723393704,-5.0092254608191824e-05,4.34219,8.292246728620826
b1_cart_days_90d,True,0.0007251233803689558,0.00017497417532515586,12.21633,12.661547955663906
has_cat_to_cart_sum_60d,False,0.0007204033294353796,2.484204284652483e-06,0.86117,2.1028495378708083
b1_route_cat_only_days_90d,True,0.0007104606151560177,-7.430160212369027e-05,1.25248,2.647462012651644
to_cart_sum_60d,False,0.0007021552127711988,-0.00020090270883172266,24.98103,43.98572869348643
search_to_cart_sum_30d,False,0.0006814784789617198,-0.00030782503977572803,11.87093,22.045440298628005
gmv_cat_sum_60d,False,0.0006804583550163209,-0.0002142150148676624,13.76445051040329,96.04961035978349
to_cart_sum_120d,False,0.0006770607868109885,0.0002752479110906692,45.52996,77.29211250707317
b1_month_end_order_days_all,True,0.0006621312169076052,-0.00032134214687913577,5.4293700000000005,7.5074819040745595
b1_payday_25_order_days_all,True,0.0006242661440706037,0.0003189968372824597,2.63215,3.8023026682839856
to_ord_sum_14d,False,0.0006081146537063751,-0.00022514484969876332,1.35413,3.3331569468853126
cat_to_ord_sum_all,False,0.0006050620601951348,-0.0001983332091057946,1.64826,8.000891940148197
cat_to_cart_max_all,False,0.000591543994453145,2.364968626011095e-06,2.01806,3.8328044733887836
has_search_to_cart_sum_120d,False,0.0005844607737479689,0.00024680160600722514,14.944500000000001,15.837391998528215
gmv_per_active_day_7d,False,0.0005759922366897815,-0.00011296565701684222,6.088623097410588,33.57318706361139
post_order_cat_days,False,0.0005739316534866426,-9.875550638500302e-06,1.07517,3.1361085428693665
has_cat_to_cart_sum_7d,False,0.0005600268228756989,-9.032503126887676e-05,0.10097,0.3884495319851795
gmv_cat_sum_120d,False,0.0005586402294464834,2.354770898963375e-05,26.579125210012087,154.49493110704174
gmv_search_max_all,False,0.0005502232518484773,4.402561344924174e-05,217.56767970671376,461.03966456554883
cat_sum_14d,False,0.0005485344393990725,-1.869923523876592e-05,0.7574000000000001,1.5041342521176821
b1_route_mixed_order_days_90d,True,0.0005484419438127105,-0.00017785788799444841,0.92447,2.336584879968056
b1_order_gmv_mean_all,True,0.0005378992683861147,0.00013693314902874434,47.539281375777236,83.23826349766281
cat_sum_30d,False,0.0005191737270549658,1.9649104822331704e-05,1.66124,2.938309673760962
gmv_per_active_day_14d,False,0.0005173935789316399,-9.532489125505242e-05,6.756200569621344,33.97469385703726
b1_route_mixed_days_90d,True,0.0005138146102559583,-0.00017415910226735424,3.63768,6.556052063630195
gmv_cat_sum_30d,False,0.0004794084372698309,0.00015425336298965594,7.1001904944266006,65.74512331697231
b1_cart_no_order_days_90d,True,0.0004412621599521444,6.209119486112218e-05,7.0378,8.140685353850577
b1_route_search_only_order_days_90d,True,0.00042621591912827227,5.9152078280214076e-05,4.162610000000001,5.717403139620675
cat_to_cart_sum_7d,False,0.0004258031609971318,3.1872020570356856e-05,0.21372,1.282000604065511
has_search_to_cart_sum_60d,False,0.00042051722929181446,-0.00010576150629670253,7.9387,8.509590206621208
has_cat_to_cart_sum_120d,False,0.0004143685612593298,-5.732615130875408e-05,1.64295,3.781741898114853
b1_post_order_cat_to_cart_sum,True,0.00041013743338780696,-3.428393409572566e-05,0.38836000000000004,3.120748807085662
b1_order_days_count_all,True,0.00039513888985378697,7.038423715635745e-05,16.39595,21.90293164707832
orders_per_active_day_14d,False,0.00036172055230144964,3.519794782624349e-05,0.19677513037368655,0.4394371231654367
to_cart_sum_30d,False,0.00032477785262347963,0.0001259973964246415,12.75703,23.45194176902558
cat_to_cart_sum_14d,False,0.00032273139168096884,2.6497429109973158e-05,0.41247,2.136916783184525
post_order_cart_sum,False,0.0003160902098569624,4.7956419451034025e-05,4.376659999999999,19.734317127362345
post_order_cart_days,False,0.0003047557092836353,-5.656444178532007e-05,1.76843,3.9210971880068297
cat_sum_7d,False,0.00029736985335416854,-6.31930786130936e-05,0.39188999999999996,0.8765014720894675
post_order_search_sum,False,0.0002832799448390956,-0.00020779232796395896,6.02815,10.693890491348682
gmv_cat_sum_14d,False,0.00023272715525593518,-5.328509423719457e-05,3.169482686959915,43.916070557066206
has_search_to_ord_sum_14d,False,0.0002256402760204064,-2.6613189426906148e-05,0.7628999999999999,1.3222293299919445
cat_sum_60d,False,0.000222850212232376,-9.524297941074776e-05,3.3372900000000003,5.5546370709695525
cat_to_cart_sum_120d,False,0.0002024390994027336,-8.406731979560144e-05,3.27901,11.990637961928524
b1_silent_high_value_score,True,0.00020039221322537028,-3.753358706660271e-05,0.007174751541614533,0.19426484754665743
cat_to_ord_max_all,False,0.00019377446926433146,6.092527135691163e-05,0.59386,1.2716577739148902
gmv_cat_sum_7d,False,0.00018645234774569558,-1.6123769222076086e-05,1.63599575438302,29.547449820978454
b1_order_gmv_max_all,True,0.0001762544879844174,5.001026269585346e-05,230.5688400266336,477.032460623647
w365_buyday_rate,False,0.0001729472194158918,-8.760796237360385e-05,0.04437353402946144,0.059233903587718614
cat_to_ord_sum_120d,False,0.0001709001568782755,-3.180642413328069e-05,0.5869599999999999,2.7479435767483613
b1_post_order_search_to_cart_sum,True,0.00015492073711753993,2.5329131986944548e-05,3.9882999999999997,19.00597535805112
search_to_ord_sum_14d,False,0.0001519894445700952,-6.146226772561096e-05,1.2857500000000002,3.216179649033271
has_search_to_ord_sum_7d,False,0.0001448403715070482,5.65157051323074e-05,0.40042999999999995,0.8044102573152363
orders_per_active_day_7d,False,0.00013868004891080728,-3.003498756759931e-05,0.18419976331800222,0.4942751128952809
to_ord_sum_7d,False,0.0001349770620331187,-3.8645163572451435e-05,0.7131099999999999,1.9943925282358803
b1_order_gmv_top1_sum,True,0.00011040008331920059,-3.69696887724205e-05,230.5688400266336,477.032460623647
cat_to_cart_sum_60d,False,0.00010767797582628667,7.4603226407216775e-06,1.76472,6.999462202713975
has_cat_to_cart_sum_14d,False,0.00010478590144747201,-1.2655323396952965e-05,0.19389,0.6260741385042694
has_cat_to_ord_sum_all,False,9.668348267840725e-05,1.1722649293820452e-05,1.18091,3.2860730534553717
b1_route_cat_only_to_order_rate_90d,True,9.156849942140567e-05,-1.1948958816171723e-06,0.018844414140004664,0.1086601275012914
search_to_ord_sum_7d,False,9.124805632637253e-05,-3.1819952002895056e-05,0.67704,1.9241440553061493
b1_post_order_cart_no_order_days,True,7.070414003356094e-05,4.580495140638478e-07,1.76843,3.9210971880068297
has_cat_to_cart_sum_30d,False,6.652078988157164e-05,-2.6341106076586977e-06,0.42647999999999997,1.1547167149596427
post_order_cat_sum,False,5.3620982305560954e-05,-4.362514738623843e-06,1.07517,3.1361085428693665
has_cat_to_ord_sum_120d,False,3.353471879819712e-05,3.3537204148362455e-06,0.44375,1.3376535892211412
cat_to_ord_sum_30d,False,2.877222213474328e-05,-7.923412532301905e-06,0.15646,0.9410515967538278
cat_to_ord_sum_60d,False,2.1871993853448074e-05,-7.880211707922764e-06,0.30816,1.6438453633783867
has_cat_to_ord_sum_60d,False,2.0331733489644957e-05,3.9042218228808834e-07,0.23063,0.7830906996848628
b1_last_order_day_is_multi,True,1.256201222885855e-05,1.2723354603537216e-07,0.20962,0.40703563285272987
b1_route_cat_only_order_days_90d,True,4.0674548225138875e-06,-1.7850035795248837e-06,0.05985,0.33506375964638285
no_activity_after_last_order,False,2.9150337024991863e-06,-7.664685521642992e-07,0.12668000000000001,0.33250909201912154
has_cat_to_ord_sum_30d,False,2.807597791356198e-06,9.128072013180486e-07,0.11624999999999999,0.46808819984367545
has_cart_after_last_order,False,0.0,0.0,0.46874,0.49895421480606095
has_cat_to_cart_max_all,False,0.0,0.0,0.6498900000000001,0.4767341196962448
cat_to_ord_sum_14d,False,0.0,0.0,0.06838,0.5003627036104502
cat_to_ord_sum_7d,False,0.0,0.0,0.03607,0.32829105718661605
cat_max_all,False,0.0,0.0,0.90954,0.28621939864418966
has_activity_after_last_order,False,0.0,0.0,0.72907,0.44408924657536686
has_search_to_ord_max_all,False,0.0,0.0,0.84905,0.35770681526933235
search_max_all,False,0.0,0.0,0.99623,0.06046240813063335
b1_post_order_search_to_ord_sum,True,0.0,0.0,0.0,0.0
b1_post_order_gmv_cat_sum,True,0.0,0.0,0.0,0.0
b1_post_order_gmv_search_sum,True,0.0,0.0,0.0,0.0
b1_post_order_cart_no_order_share,True,0.0,0.0,0.46874,0.49895421480606095
b1_post_order_cat_to_ord_sum,True,0.0,0.0,0.0,0.0
last_cart_after_last_order,False,0.0,0.0,0.46874,0.49895421480606095
last_search_after_last_order,False,0.0,0.0,0.69188,0.46143207988820856
has_search_after_last_order,False,0.0,0.0,0.69188,0.46143207988820856
has_search_to_cart_max_all,False,0.0,0.0,0.96959,0.1708283116890008
has_cat_to_ord_sum_7d,False,0.0,0.0,0.02649,0.17724898817887222
has_cat_to_ord_sum_14d,False,0.0,0.0,0.050710000000000005,0.26739610395278257
has_cat_to_ord_max_all,False,0.0,0.0,0.37107999999999997,0.4828813880054652
b1_order_gmv_sum_all,True,0.0,0.0,952.4237787691932,2047.0779243356233
b1_last_order_had_cart_same_day,True,0.0,0.0,0.85575,0.35104691381575526
b1_last_order_had_search_same_day,True,0.0,0.0,0.83282,0.3728966414859296
